[   0.000][v][cplayer] Command line options: '--player-operation-mode=pseudo-gui' '--'
[   0.000][v][cplayer] mpv v0.41.0 Copyright © 2000-2025 mpv/MPlayer/mplayer2 projects
[   0.000][v][cplayer]  built on Jan  1 1980 00:00:00
[   0.000][v][cplayer] libplacebo version: v7.360.1
[   0.000][v][cplayer] FFmpeg version: 9.0.1
[   0.000][v][cplayer] FFmpeg library versions:
[   0.000][v][cplayer]    libavcodec      63.1.101
[   0.000][v][cplayer]    libavdevice     63.1.101
[   0.000][v][cplayer]    libavfilter     12.1.101
[   0.000][v][cplayer]    libavformat     63.1.101
[   0.000][v][cplayer]    libavutil       61.1.101
[   0.000][v][cplayer]    libswresample   7.1.101
[   0.000][v][cplayer]    libswscale      10.1.101
[   0.000][v][cplayer] Configuration: <omitted>
[   0.000][v][cplayer] List of enabled features: alsa build-date caca cplugins cuda-hwaccel cuda-interop dmabuf-interop-gl dmabuf-wayland drm dvbin dvdnav egl egl-drm egl-wayland egl-x11 ffmpeg ffnvcodec gbm gl glibc-thread-name glob glob-posix gpl iconv javascript lcms2 libarchive libass libavdevice libbluray libdl libplacebo linux-fstatfs lua memfd-create memrchr openal pipewire posix posix-shm ppoll pthread-condattr-setclock pulse rubberband rubberband-3 uchardet vaapi vaapi-drm vaapi-wayland vaapi-x11 vdpau vector vk-khr-display vt.h vulkan wayland wayland-protocols-1-32 wayland-protocols-1-38 wayland-protocols-1-39 wayland-protocols-1-41 wayland-protocols-1-44 wayland-protocols-1-47 x11 x11-clipboard zimg zimg-st428 zlib
[   0.000][d][global] home path: '' -> '/home/waltz/.config/mpv'
[   0.000][d][global] user path: '~~home/' -> '/home/waltz/.config/mpv'
[   0.000][d][global] user path: '~~old_home/' -> '/home/waltz/.mpv'
[   0.000][d][global] config path: 'encoding-profiles.conf' -/-> '/home/waltz/.config/mpv/encoding-profiles.conf'
[   0.000][d][global] config path: 'encoding-profiles.conf' -/-> '/home/waltz/.mpv/encoding-profiles.conf'
[   0.000][d][global] config path: 'encoding-profiles.conf' -/-> '/etc/mpv/encoding-profiles.conf'
[   0.000][d][global] config path: 'mpv.conf' -> '/home/waltz/.config/mpv/mpv.conf'
[   0.000][d][global] config path: 'config' -/-> '/home/waltz/.config/mpv/config'
[   0.000][d][global] config path: 'mpv.conf' -/-> '/home/waltz/.mpv/mpv.conf'
[   0.000][d][global] config path: 'config' -/-> '/home/waltz/.mpv/config'
[   0.000][d][global] config path: 'mpv.conf' -/-> '/etc/mpv/mpv.conf'
[   0.000][d][global] config path: 'config' -/-> '/etc/mpv/config'
[   0.000][v][cplayer] Reading config file /home/waltz/.config/mpv/mpv.conf
[   0.000][v][ifo_dvdnav] Opening /home/waltz/.config/mpv/mpv.conf
[   0.000][v][bdmv/bluray] Opening /home/waltz/.config/mpv/mpv.conf
[   0.000][v][file] Opening /home/waltz/.config/mpv/mpv.conf
[   0.000][d][file] resize stream to 131072 bytes, drop 0 bytes
[   0.000][d][file] Stream opened successfully.
[   0.000][v][cplayer] Applying profile 'default'...
[   0.000][v][cplayer] Setting option 'vo' = 'gpu-next' (flags = 4)
[   0.000][v][cplayer] Setting option 'gpu-api' = 'vulkan' (flags = 4)
[   0.000][v][cplayer] Setting option 'hwdec' = 'auto-copy' (flags = 4)
[   0.000][v][cplayer] Setting option 'title' = '${?pause==yes:⏸}${?mute==yes:🔇}${?ontop==yes:📌}${?demuxer-via-network==yes:${media-title}}${?demuxer-via-network==no:${filename}}' (flags = 4)
[   0.000][v][cplayer] Setting option 'osc' = 'no' (flags = 4)
[   0.000][v][cplayer] Setting option 'title-bar' = 'no' (flags = 4)
[   0.000][v][cplayer] Setting option 'input-ime' = 'no' (flags = 4)
[   0.000][v][cplayer] Setting option 'autofit-smaller' = '40%x30%' (flags = 4)
[   0.000][v][cplayer] Setting option 'idle' = 'yes' (flags = 4)
[   0.000][v][cplayer] Setting option 'log-file' = '~~/files/mpv.log' (flags = 4)
[   0.000][v][cplayer] Setting option 'ontop' = '' (flags = 4)
[   0.000][v][cplayer] Setting option 'snap-window' = 'yes' (flags = 4)
[   0.000][v][cplayer] Setting option 'hr-seek' = 'yes' (flags = 4)
[   0.000][v][cplayer] Setting option 'hr-seek-framedrop' = 'no' (flags = 4)
[   0.000][v][cplayer] Setting option 'save-position-on-quit' = 'yes' (flags = 4)
[   0.000][v][cplayer] Setting option 'write-filename-in-watch-later-config' = '' (flags = 4)
[   0.000][v][cplayer] Setting option 'resume-playback-check-mtime' = 'yes' (flags = 4)
[   0.000][v][cplayer] Setting option 'watch-later-dir' = '~~/cache/watch_later' (flags = 4)
[   0.000][v][cplayer] Setting option 'watch-later-options' = 'start,vid,aid,sid' (flags = 4)
[   0.000][v][cplayer] Setting option 'save-watch-history' = 'yes' (flags = 4)
[   0.000][v][cplayer] Setting option 'watch-history-path' = '~~/files/watch_history.jsonl' (flags = 4)
[   0.000][v][cplayer] Setting option 'reset-on-next-file' = 'vid,aid,sid,secondary-sid,vf,af,loop-file,deinterlace,contrast,brightness,gamma,saturation,hue,video-zoom,video-rotate,video-pan-x,video-pan-y,panscan,speed,audio-delay,sub-pos,sub-scale,sub-delay,sub-speed,sub-visibility,secondary-sub-visibility' (flags = 4)
[   0.000][v][cplayer] Setting option 'directory-mode' = 'ignore' (flags = 4)
[   0.000][v][cplayer] Setting option 'metadata-codepage' = 'auto' (flags = 4)
[   0.000][v][cplayer] Setting option 'msg-level' = 'all=info,auto_profiles=warn' (flags = 4)
[   0.000][v][cplayer] Setting option 'osd-bar' = 'no' (flags = 4)
[   0.000][v][cplayer] Setting option 'osd-on-seek' = 'msg-bar' (flags = 4)
[   0.000][v][cplayer] Setting option 'osd-bar-w' = '100' (flags = 4)
[   0.000][v][cplayer] Setting option 'osd-bar-h' = '2' (flags = 4)
[   0.000][v][cplayer] Setting option 'osd-bar-align-y' = '-1' (flags = 4)
[   0.000][v][cplayer] Setting option 'osd-font' = 'Noto Sans Mono CJK SC' (flags = 4)
[   0.000][v][cplayer] Setting option 'osd-font-size' = '24' (flags = 4)
[   0.000][v][cplayer] Setting option 'osd-color' = '#FFFFFF' (flags = 4)
[   0.000][v][cplayer] Setting option 'osd-outline-size' = '1.0' (flags = 4)
[   0.000][v][cplayer] Setting option 'osd-outline-color' = '#1C1B1F' (flags = 4)
[   0.000][v][cplayer] Setting option 'osd-shadow-offset' = '0' (flags = 4)
[   0.000][v][cplayer] Setting option 'osd-back-color' = '#1C1B1F' (flags = 4)
[   0.000][v][cplayer] Setting option 'osd-border-style' = 'outline-and-shadow' (flags = 4)
[   0.000][v][cplayer] Setting option 'osd-playlist-entry' = 'filename' (flags = 4)
[   0.000][v][cplayer] Setting option 'osd-status-msg' = '${playback-time/full} / ${duration/full} (${percent-pos}%)\nframe: ${estimated-frame-number} / ${estimated-frame-count}' (flags = 4)
[   0.000][v][cplayer] Setting option 'osd-fractions' = 'yes' (flags = 4)
[   0.000][v][cplayer] Setting option 'osd-duration' = '2000' (flags = 4)
[   0.000][v][cplayer] Setting option 'audio-device' = 'auto' (flags = 4)
[   0.000][v][cplayer] Setting option 'audio-channels' = '7.1,5.1,stereo' (flags = 4)
[   0.000][v][cplayer] Setting option 'ao' = 'pipewire' (flags = 4)
[   0.000][v][cplayer] Setting option 'gapless-audio' = 'no' (flags = 4)
[   0.000][v][cplayer] Setting option 'audio-file-auto' = 'fuzzy' (flags = 4)
[   0.000][v][cplayer] Setting option 'audio-file-paths' = 'audio;audios;audio 5.1;audios 5.1;audio 7.1;audios 7.1;音轨' (flags = 4)
[   0.000][v][cplayer] Setting option 'alang' = 'japanese,jpn,jap,ja,jp,english,eng,en' (flags = 4)
[   0.000][v][cplayer] Setting option 'sub-codepage' = 'gb18030' (flags = 4)
[   0.000][v][cplayer] Setting option 'sub-auto' = 'fuzzy' (flags = 4)
[   0.000][v][cplayer] Setting option 'sub-file-paths' = 'sub;subs;subtitles;字幕' (flags = 4)
[   0.000][v][cplayer] Setting option 'slang' = 'chs,sc,zh-Hans,zh-CN,cht,tc,zh-Hant,zh-HK,zh-TW,chi,zho,zh' (flags = 4)
[   0.000][v][cplayer] Setting option 'sub-font' = 'Noto Sans CJK SC' (flags = 4)
[   0.000][v][cplayer] Setting option 'sub-font-size' = '50' (flags = 4)
[   0.000][v][cplayer] Setting option 'sub-bold' = 'yes' (flags = 4)
[   0.000][v][cplayer] Setting option 'sub-color' = '#FFFFFF' (flags = 4)
[   0.000][v][cplayer] Setting option 'sub-outline-size' = '0.5' (flags = 4)
[   0.000][v][cplayer] Setting option 'sub-outline-color' = '#000000' (flags = 4)
[   0.000][v][cplayer] Setting option 'sub-shadow-offset' = '0.5' (flags = 4)
[   0.000][v][cplayer] Setting option 'sub-back-color' = '#000000' (flags = 4)
[   0.000][v][cplayer] Setting option 'screenshot-format' = 'webp' (flags = 4)
[   0.000][v][cplayer] Setting option 'screenshot-webp-quality' = '85' (flags = 4)
[   0.000][v][cplayer] Setting option 'screenshot-webp-compression' = '6' (flags = 4)
[   0.000][v][cplayer] Setting option 'screenshot-tag-colorspace' = 'no' (flags = 4)
[   0.000][v][cplayer] Setting option 'screenshot-template' = '~~/files/screen/%{media-title}-%P-%n' (flags = 4)
[   0.000][v][cplayer] Setting option 'gpu-shader-cache-dir' = '~~/cache/shaders_cache' (flags = 4)
[   0.000][v][cplayer] Setting option 'load-context-menu' = 'yes' (flags = 4)
[   0.000][v][cplayer] Setting option 'input-default-bindings' = 'no' (flags = 4)
[   0.000][v][cplayer] Setting option 'profile' = 'Target' (flags = 4)
[   0.000][v][cplayer] Applying profile 'Target'...
[   0.000][v][cplayer] Setting option 'icc-profile' = '' (flags = 4)
[   0.000][v][cplayer] Setting option 'icc-profile-auto' = 'no' (flags = 4)
[   0.000][v][cplayer] Setting option 'target-prim' = 'auto' (flags = 4)
[   0.000][v][cplayer] Setting option 'target-contrast' = 'auto' (flags = 4)
[   0.000][v][cplayer] Setting option 'profile' = 'Dither' (flags = 4)
[   0.000][v][cplayer] Applying profile 'Dither'...
[   0.000][v][cplayer] Setting option 'dither-depth' = 'auto' (flags = 4)
[   0.000][v][cplayer] Setting option 'dither' = 'fruit' (flags = 4)
[   0.000][v][cplayer] Setting option 'dither-size-fruit' = '6' (flags = 4)
[   0.000][v][cplayer] Setting option 'profile' = 'Tscale' (flags = 4)
[   0.000][v][cplayer] Applying profile 'Tscale'...
[   0.000][v][cplayer] Setting option 'video-sync' = 'display-resample' (flags = 4)
[   0.000][v][cplayer] Setting option 'interpolation' = '' (flags = 4)
[   0.000][v][cplayer] Setting option 'tscale' = 'oversample' (flags = 4)
[   0.000][v][cplayer] Setting option 'profile' = 'HQ' (flags = 4)
[   0.000][v][cplayer] Applying profile 'HQ'...
[   0.000][v][cplayer] Setting option 'scale' = 'ewa_lanczossharp' (flags = 4)
[   0.000][v][cplayer] Setting option 'cscale' = 'bilinear' (flags = 4)
[   0.000][v][cplayer] Setting option 'dscale' = 'catmull_rom' (flags = 4)
[   0.000][v][cplayer] Setting option 'scale-antiring' = '0.5' (flags = 4)
[   0.000][v][cplayer] Setting option 'dscale-antiring' = '0.5' (flags = 4)
[   0.000][v][cplayer] Setting option 'linear-upscaling' = 'no' (flags = 4)
[   0.000][v][cplayer] Setting option 'sigmoid-upscaling' = 'yes' (flags = 4)
[   0.000][v][cplayer] Setting option 'correct-downscaling' = 'yes' (flags = 4)
[   0.000][v][cplayer] Setting option 'linear-downscaling' = 'no' (flags = 4)
[   0.000][v][cplayer] Setting option 'deband' = 'no' (flags = 4)
[   0.000][v][cplayer] Setting option 'profile' = 'DeBand-low' (flags = 4)
[   0.000][v][cplayer] Applying profile 'DeBand-low'...
[   0.000][v][cplayer] Setting option 'deband-iterations' = '1' (flags = 4)
[   0.000][v][cplayer] Setting option 'deband-threshold' = '48' (flags = 4)
[   0.000][v][cplayer] Setting option 'deband-range' = '16' (flags = 4)
[   0.000][v][cplayer] Setting option 'deband-grain' = '16' (flags = 4)
[   0.000][v][cplayer] Setting option 'profile' = 'HDR2SDR' (flags = 4)
[   0.000][v][cplayer] Applying profile 'HDR2SDR'...
[   0.000][v][cplayer] Setting option 'tone-mapping' = 'auto' (flags = 4)
[   0.000][v][cplayer] Setting option 'gamut-mapping-mode' = 'auto' (flags = 4)
[   0.000][v][cplayer] Setting option 'hdr-contrast-recovery' = '0.30' (flags = 4)
[   0.000][v][cplayer] Setting option 'hdr-compute-peak' = 'auto' (flags = 4)
[   0.000][v][cplayer] Setting option 'hdr-peak-percentile' = '99.995' (flags = 4)
[   0.000][v][cplayer] Setting option 'hdr-peak-decay-rate' = '20' (flags = 4)
[   0.000][v][cplayer] Setting option 'hdr-scene-threshold-low' = '1.0' (flags = 4)
[   0.000][v][cplayer] Setting option 'hdr-scene-threshold-high' = '3.0' (flags = 4)
[   0.000][v][cplayer] Setting option 'allow-delayed-peak-detect' = 'no' (flags = 4)
[   0.000][v][cplayer] Setting option 'profile' = 'NNEDI3' (flags = 4)
[   0.000][v][cplayer] Applying profile 'NNEDI3'...
[   0.000][w][cplayer] Unknown profile 'NNEDI3'.
[   0.000][e][cplayer] Error parsing option profile (option parameter could not be parsed)
[   0.000][v][cplayer] Setting option 'player-operation-mode' = 'pseudo-gui' (flags = 8)
[   0.000][v][cplayer] Applying profile 'builtin-pseudo-gui'...
[   0.000][v][cplayer] Setting option 'terminal' = 'no' (flags = 260)
[   0.000][v][cplayer] Setting option 'force-window' = 'yes' (flags = 260)
[   0.000][v][cplayer] Setting option 'screenshot-dir' = '~~desktop/' (flags = 260)
[   0.000][v][cplayer] Applying profile 'pseudo-gui'...
[   0.000][v][cplayer] Setting option 'player-operation-mode' = 'pseudo-gui' (flags = 4)
[   0.000][d][global] config path: 'input.conf' -> '/home/waltz/.config/mpv/input.conf'
[   0.000][d][global] config path: 'input.conf' -/-> '/home/waltz/.mpv/input.conf'
[   0.000][d][global] config path: 'input.conf' -/-> '/etc/mpv/input.conf'
[   0.000][v][ifo_dvdnav] Opening /home/waltz/.config/mpv/input.conf
[   0.000][v][bdmv/bluray] Opening /home/waltz/.config/mpv/input.conf
[   0.000][v][file] Opening /home/waltz/.config/mpv/input.conf
[   0.000][d][file] resize stream to 131072 bytes, drop 0 bytes
[   0.000][d][file] Stream opened successfully.
[   0.000][v][input] Parsing input config file /home/waltz/.config/mpv/input.conf
[   0.000][v][input] Input config file /home/waltz/.config/mpv/input.conf parsed: 233 binds
[   0.000][d][global] config path: 'files/mpv.log' -> '/home/waltz/.config/mpv/files/mpv.log'
[   0.000][d][global] user path: '~~/files/mpv.log' -> '/home/waltz/.config/mpv/files/mpv.log'
[   0.003][v][cplayer] mpv v0.41.0 Copyright © 2000-2025 mpv/MPlayer/mplayer2 projects
[   0.003][v][cplayer]  built on Jan  1 1980 00:00:00
[   0.003][v][cplayer] libplacebo version: v7.360.1
[   0.003][v][cplayer] FFmpeg version: 9.0.1
[   0.003][v][cplayer] FFmpeg library versions:
[   0.003][v][cplayer]    libavcodec      63.1.101
[   0.003][v][cplayer]    libavdevice     63.1.101
[   0.003][v][cplayer]    libavfilter     12.1.101
[   0.003][v][cplayer]    libavformat     63.1.101
[   0.003][v][cplayer]    libavutil       61.1.101
[   0.003][v][cplayer]    libswresample   7.1.101
[   0.003][v][cplayer]    libswscale      10.1.101
[   0.003][v][cplayer] Configuration: <omitted>
[   0.003][v][cplayer] List of enabled features: alsa build-date caca cplugins cuda-hwaccel cuda-interop dmabuf-interop-gl dmabuf-wayland drm dvbin dvdnav egl egl-drm egl-wayland egl-x11 ffmpeg ffnvcodec gbm gl glibc-thread-name glob glob-posix gpl iconv javascript lcms2 libarchive libass libavdevice libbluray libdl libplacebo linux-fstatfs lua memfd-create memrchr openal pipewire posix posix-shm ppoll pthread-condattr-setclock pulse rubberband rubberband-3 uchardet vaapi vaapi-drm vaapi-wayland vaapi-x11 vdpau vector vk-khr-display vt.h vulkan wayland wayland-protocols-1-32 wayland-protocols-1-38 wayland-protocols-1-39 wayland-protocols-1-41 wayland-protocols-1-44 wayland-protocols-1-47 x11 x11-clipboard zimg zimg-st428 zlib
[   0.003][d][ytdl_hook] Loading lua script @ytdl_hook.lua...
[   0.003][d][stats] Loading lua script @stats.lua...
[   0.003][d][console] Loading lua script @console.lua...
[   0.003][d][auto_profiles] Loading lua script @auto_profiles.lua...
[   0.003][d][select] Loading lua script @select.lua...
[   0.004][d][stats] loading mp.defaults
[   0.004][d][auto_profiles] loading mp.defaults
[   0.004][d][positioning] Loading lua script @positioning.lua...
[   0.004][d][ytdl_hook] loading mp.defaults
[   0.004][d][commands] Loading lua script @commands.lua...
[   0.004][d][context_menu] Loading lua script @context_menu.lua...
[   0.004][d][select] loading mp.defaults
[   0.004][d][console] loading mp.defaults
[   0.004][d][positioning] loading mp.defaults
[   0.004][d][commands] loading mp.defaults
[   0.004][d][context_menu] loading mp.defaults
[   0.004][v][clipboard/wayland] Registered interface ext_data_control_manager_v1 at version 1
[   0.004][v][clipboard/wayland] Registered interface wl_seat at version 8
[   0.004][v][clipboard] Initialized wayland clipboard backend.
[   0.004][d][global] config path: 'scripts' -> '/home/waltz/.config/mpv/scripts'
[   0.004][d][global] config path: 'scripts' -/-> '/home/waltz/.mpv/scripts'
[   0.004][d][global] config path: 'scripts' -/-> '/etc/mpv/scripts'
[   0.004][v][clipboard/wayland] Read 51 bytes from the data offer fd
[   0.004][d][embedded_lyrics] Loading lua script /home/waltz/.config/mpv/scripts/embedded-lyrics.lua...
[   0.004][d][select] loading @select.lua
[   0.004][v][clipboard/wayland] Read 51 bytes from the data offer fd
[   0.004][d][positioning] loading @positioning.lua
[   0.004][d][mpv_torrserver] Loading lua script /home/waltz/.config/mpv/scripts/mpv-torrserver.lua...
[   0.004][d][ytdl_hook] loading @ytdl_hook.lua
[   0.004][d][commands] loading @commands.lua
[   0.004][d][skip_sponsorblock] Loading lua script /home/waltz/.config/mpv/scripts/skip_sponsorblock.lua...
[   0.004][d][speed_manager] Loading lua script /home/waltz/.config/mpv/scripts/speed_manager.lua...
[   0.004][d][context_menu] loading @context_menu.lua
[   0.004][d][chapterskip] Loading lua script /home/waltz/.config/mpv/scripts/chapterskip.lua...
[   0.004][d][auto_profiles] loading @auto_profiles.lua
[   0.004][d][mpv_torrserver] loading mp.defaults
[   0.004][d][embedded_lyrics] loading mp.defaults
[   0.004][d][stats] loading @stats.lua
[   0.004][d][autocopyshot] Loading lua script /home/waltz/.config/mpv/scripts/autocopyshot.lua...
[   0.004][d][uosc_history] Loading lua script /home/waltz/.config/mpv/scripts/uosc_history.lua...
[   0.004][d][extract_fonts] Loading lua script /home/waltz/.config/mpv/scripts/extract_fonts.lua...
[   0.004][d][console] loading @console.lua
[   0.004][d][speed_manager] loading mp.defaults
[   0.004][d][skip_sponsorblock] loading mp.defaults
[   0.004][d][positioning] reading options for positioning
[   0.004][d][uosc] Loading lua script /home/waltz/.config/mpv/scripts/uosc/main.lua...
[   0.004][d][global] config path: 'script-opts/positioning.conf' -/-> '/home/waltz/.config/mpv/script-opts/positioning.conf'
[   0.004][d][global] config path: 'script-opts/positioning.conf' -/-> '/home/waltz/.mpv/script-opts/positioning.conf'
[   0.004][d][global] config path: 'script-opts/positioning.conf' -/-> '/etc/mpv/script-opts/positioning.conf'
[   0.004][d][positioning] script-opts/positioning.conf not found.
[   0.004][d][global] config path: 'lua-settings/positioning.conf' -/-> '/home/waltz/.config/mpv/lua-settings/positioning.conf'
[   0.004][d][global] config path: 'lua-settings/positioning.conf' -/-> '/home/waltz/.mpv/lua-settings/positioning.conf'
[   0.004][d][global] config path: 'lua-settings/positioning.conf' -/-> '/etc/mpv/lua-settings/positioning.conf'
[   0.004][d][positioning] lua-settings/positioning.conf not found.
[   0.004][d][chapterskip] loading mp.defaults
[   0.004][d][autocopyshot] loading mp.defaults
[   0.004][d][uosc_history] loading mp.defaults
[   0.004][d][extract_fonts] loading mp.defaults
[   0.005][d][playlistmanager] Loading lua script /home/waltz/.config/mpv/scripts/playlistmanager.lua...
[   0.005][d][dir_subs] Loading lua script /home/waltz/.config/mpv/scripts/dir_subs.lua...
[   0.005][d][uosc_danmaku] Loading lua script /home/waltz/.config/mpv/scripts/uosc_danmaku/main.lua...
[   0.005][d][uosc] loading mp.defaults
[   0.005][d][dir_subs] loading mp.defaults
[   0.005][d][playlistmanager] loading mp.defaults
[   0.005][d][uosc_history2] Loading lua script /home/waltz/.config/mpv/scripts/uosc_history/main.lua...
[   0.005][d][music_reset] Loading lua script /home/waltz/.config/mpv/scripts/music-reset.lua...
[   0.005][d][cut_sub] Loading lua script /home/waltz/.config/mpv/scripts/cut_sub.lua...
[   0.005][d][sub_export] Loading lua script /home/waltz/.config/mpv/scripts/sub_export.lua...
[   0.005][d][uosc_webdav] Loading lua script /home/waltz/.config/mpv/scripts/uosc_webdav.lua...
[   0.005][d][uosc_danmaku] loading mp.defaults
[   0.005][d][sub_fastwhisper] Loading lua script /home/waltz/.config/mpv/scripts/sub-fastwhisper.lua...
[   0.005][d][uosc_webdav2] Loading lua script /home/waltz/.config/mpv/scripts/uosc_webdav/main.lua...
[   0.005][d][winisland] Loading lua script /home/waltz/.config/mpv/scripts/winisland.lua...
[   0.005][d][clock] Loading lua script /home/waltz/.config/mpv/scripts/clock.lua...
[   0.005][v][cplayer] Waiting for scripts...
[   0.005][d][sub_export] loading mp.defaults
[   0.005][d][winisland] loading mp.defaults
[   0.005][d][uosc_webdav2] loading mp.defaults
[   0.005][d][clock] loading mp.defaults
[   0.005][d][cut_sub] loading mp.defaults
[   0.005][d][uosc_history] loading file /home/waltz/.config/mpv/scripts/uosc_history.lua
[   0.005][d][embedded_lyrics] loading file /home/waltz/.config/mpv/scripts/embedded-lyrics.lua
[   0.005][d][cplayer] Run command: define-section, flags=64, args=[name="input_positioning", contents="", flags="default"]
[   0.005][d][cplayer] Run command: enable-section, flags=64, args=[name="input_positioning", flags="allow-hide-cursor+allow-vo-dragging"]
[   0.005][d][cplayer] Run command: define-section, flags=64, args=[name="input_forced_positioning", contents="", flags="force"]
[   0.005][d][cplayer] Run command: enable-section, flags=64, args=[name="input_forced_positioning", flags="allow-hide-cursor+allow-vo-dragging"]
[   0.005][d][extract_fonts] loading file /home/waltz/.config/mpv/scripts/extract_fonts.lua
[   0.005][d][mpv_torrserver] loading file /home/waltz/.config/mpv/scripts/mpv-torrserver.lua
[   0.005][d][commands] reading options for commands
[   0.005][d][global] config path: 'script-opts/commands.conf' -/-> '/home/waltz/.config/mpv/script-opts/commands.conf'
[   0.005][d][global] config path: 'script-opts/commands.conf' -/-> '/home/waltz/.mpv/script-opts/commands.conf'
[   0.005][d][global] config path: 'script-opts/commands.conf' -/-> '/etc/mpv/script-opts/commands.conf'
[   0.005][d][commands] script-opts/commands.conf not found.
[   0.005][d][uosc_danmaku] loading file /home/waltz/.config/mpv/scripts/uosc_danmaku/main.lua
[   0.005][d][global] config path: 'lua-settings/commands.conf' -/-> '/home/waltz/.config/mpv/lua-settings/commands.conf'
[   0.005][d][global] config path: 'lua-settings/commands.conf' -/-> '/home/waltz/.mpv/lua-settings/commands.conf'
[   0.005][d][global] config path: 'lua-settings/commands.conf' -/-> '/etc/mpv/lua-settings/commands.conf'
[   0.005][d][commands] lua-settings/commands.conf not found.
[   0.005][d][context_menu] reading options for context_menu
[   0.005][d][global] config path: 'script-opts/context_menu.conf' -/-> '/home/waltz/.config/mpv/script-opts/context_menu.conf'
[   0.005][d][global] config path: 'script-opts/context_menu.conf' -/-> '/home/waltz/.mpv/script-opts/context_menu.conf'
[   0.005][d][global] config path: 'script-opts/context_menu.conf' -/-> '/etc/mpv/script-opts/context_menu.conf'
[   0.005][d][context_menu] script-opts/context_menu.conf not found.
[   0.005][d][global] config path: 'lua-settings/context_menu.conf' -/-> '/home/waltz/.config/mpv/lua-settings/context_menu.conf'
[   0.005][d][global] config path: 'lua-settings/context_menu.conf' -/-> '/home/waltz/.mpv/lua-settings/context_menu.conf'
[   0.005][d][global] config path: 'lua-settings/context_menu.conf' -/-> '/etc/mpv/lua-settings/context_menu.conf'
[   0.006][d][context_menu] lua-settings/context_menu.conf not found.
[   0.006][d][ytdl_hook] reading options for ytdl_hook
[   0.006][d][playlistmanager] loading file /home/waltz/.config/mpv/scripts/playlistmanager.lua
[   0.006][d][music_reset] loading mp.defaults
[   0.006][d][sub_fastwhisper] loading mp.defaults
[   0.006][d][global] config path: 'script-opts/ytdl_hook.conf' -> '/home/waltz/.config/mpv/script-opts/ytdl_hook.conf'
[   0.006][d][uosc_webdav] loading mp.defaults
[   0.006][v][ytdl_hook] Opened config file script-opts/ytdl_hook.conf.
[   0.006][d][uosc] loading file /home/waltz/.config/mpv/scripts/uosc/main.lua
[   0.006][d][uosc_history2] loading mp.defaults
[   0.006][d][speed_manager] loading file /home/waltz/.config/mpv/scripts/speed_manager.lua
[   0.006][d][clock] loading file /home/waltz/.config/mpv/scripts/clock.lua
[   0.006][d][autocopyshot] loading file /home/waltz/.config/mpv/scripts/autocopyshot.lua
[   0.006][d][sub_export] loading file /home/waltz/.config/mpv/scripts/sub_export.lua
[   0.006][d][mpv_torrserver] reading options for mpv_torrserver
[   0.006][d][dir_subs] loading file /home/waltz/.config/mpv/scripts/dir_subs.lua
[   0.006][d][global] config path: 'script-opts/mpv_torrserver.conf' -> '/home/waltz/.config/mpv/script-opts/mpv_torrserver.conf'
[   0.006][v][mpv_torrserver] Opened config file script-opts/mpv_torrserver.conf.
[   0.006][d][cplayer] Run command: define-section, flags=64, args=[name="input_extract_fonts", contents="", flags="default"]
[   0.006][d][cut_sub] loading file /home/waltz/.config/mpv/scripts/cut_sub.lua
[   0.006][d][chapterskip] loading file /home/waltz/.config/mpv/scripts/chapterskip.lua
[   0.006][d][select] reading options for select
[   0.006][d][global] config path: 'script-opts/select.conf' -/-> '/home/waltz/.config/mpv/script-opts/select.conf'
[   0.006][d][global] config path: 'script-opts/select.conf' -/-> '/home/waltz/.mpv/script-opts/select.conf'
[   0.006][d][global] config path: 'script-opts/select.conf' -/-> '/etc/mpv/script-opts/select.conf'
[   0.006][d][select] script-opts/select.conf not found.
[   0.006][d][global] config path: 'lua-settings/select.conf' -/-> '/home/waltz/.config/mpv/lua-settings/select.conf'
[   0.006][d][global] config path: 'lua-settings/select.conf' -/-> '/home/waltz/.mpv/lua-settings/select.conf'
[   0.006][d][global] config path: 'lua-settings/select.conf' -/-> '/etc/mpv/lua-settings/select.conf'
[   0.006][d][select] lua-settings/select.conf not found.
[   0.006][d][winisland] loading file /home/waltz/.config/mpv/scripts/winisland.lua
[   0.006][d][skip_sponsorblock] loading file /home/waltz/.config/mpv/scripts/skip_sponsorblock.lua
[   0.006][d][cplayer] Run command: enable-section, flags=64, args=[name="input_extract_fonts", flags="allow-hide-cursor+allow-vo-dragging"]
[   0.006][d][cplayer] Run command: define-section, flags=64, args=[name="input_forced_extract_fonts", contents="", flags="force"]
[   0.006][d][cplayer] Run command: enable-section, flags=64, args=[name="input_forced_extract_fonts", flags="allow-hide-cursor+allow-vo-dragging"]
[   0.006][d][speed_manager] reading options for speed_manager
[   0.006][d][global] config path: 'script-opts/speed_manager.conf' -> '/home/waltz/.config/mpv/script-opts/speed_manager.conf'
[   0.006][d][cplayer] Run command: define-section, flags=64, args=[name="input_select", contents="", flags="default"]
[   0.006][v][speed_manager] Opened config file script-opts/speed_manager.conf.
[   0.006][d][cplayer] Run command: enable-section, flags=64, args=[name="input_select", flags="allow-hide-cursor+allow-vo-dragging"]
[   0.006][d][sub_export] reading options for sub_export
[   0.006][d][cplayer] Run command: define-section, flags=64, args=[name="input_forced_select", contents="", flags="force"]
[   0.006][d][global] config path: 'script-opts/sub_export.conf' -> '/home/waltz/.config/mpv/script-opts/sub_export.conf'
[   0.006][d][cplayer] Run command: enable-section, flags=64, args=[name="input_forced_select", flags="allow-hide-cursor+allow-vo-dragging"]
[   0.006][d][sub_fastwhisper] loading file /home/waltz/.config/mpv/scripts/sub-fastwhisper.lua
[   0.006][v][sub_export] Opened config file script-opts/sub_export.conf.
[   0.006][d][cplayer] Run command: define-section, flags=64, args=[name="input_commands", contents="", flags="default"]
[   0.006][d][global] config path: 'files/speed_manager.json' -> '/home/waltz/.config/mpv/files/speed_manager.json'
[   0.006][d][global] user path: '~~/files/speed_manager.json' -> '/home/waltz/.config/mpv/files/speed_manager.json'
[   0.006][d][cplayer] Run command: enable-section, flags=64, args=[name="input_commands", flags="allow-hide-cursor+allow-vo-dragging"]
[   0.006][d][cplayer] Run command: define-section, flags=64, args=[name="input_forced_commands", contents="", flags="force"]
[   0.006][d][uosc_history2] loading file /home/waltz/.config/mpv/scripts/uosc_history/main.lua
[   0.006][d][cplayer] Run command: enable-section, flags=64, args=[name="input_forced_commands", flags="allow-hide-cursor+allow-vo-dragging"]
[   0.006][d][winisland] reading options for winisland
[   0.006][d][global] config path: 'script-opts/winisland.conf' -> '/home/waltz/.config/mpv/script-opts/winisland.conf'
[   0.006][v][winisland] Opened config file script-opts/winisland.conf.
[   0.006][d][dir_subs] reading options for dir_subs
[   0.006][d][global] config path: 'script-opts/dir_subs.conf' -> '/home/waltz/.config/mpv/script-opts/dir_subs.conf'
[   0.006][v][dir_subs] Opened config file script-opts/dir_subs.conf.
[   0.006][e][autocopyshot] 无法加载 ffi 模块，脚本退出
[   0.006][d][embedded_lyrics] reading options for embedded_lyrics
[   0.006][d][global] config path: 'script-opts/embedded_lyrics.conf' -> '/home/waltz/.config/mpv/script-opts/embedded_lyrics.conf'
[   0.006][d][uosc_webdav] loading file /home/waltz/.config/mpv/scripts/uosc_webdav.lua
[   0.006][v][embedded_lyrics] Opened config file script-opts/embedded_lyrics.conf.
[   0.006][d][cplayer] Run command: script-message, flags=64, args=[args="uosc_danmaku-version", args="2.2.0"]
[   0.006][v][auto_profiles] Re-evaluating auto profile audio
[   0.006][v][auto_profiles] Re-evaluating auto profile media-title
[   0.006][d][global] config path: 'files/dir_subs.json' -> '/home/waltz/.config/mpv/files/dir_subs.json'
[   0.006][d][global] user path: '~~/files/dir_subs.json' -> '/home/waltz/.config/mpv/files/dir_subs.json'
[   0.006][v][auto_profiles] Profile condition error on evaluating: [string "profile media-title condition"]:1: attempt to index global 'path' (a nil value)
[   0.006][v][auto_profiles] Re-evaluating auto profile end
[   0.006][i][auto_profiles] Applying auto profile: end
[   0.006][d][cplayer] Run command: apply-profile, flags=64, args=[name="end", mode="apply"]
[   0.006][v][cplayer] Applying profile 'end'...
[   0.006][v][cplayer] Setting option 'fullscreen' = 'no' (flags = 4)
[   0.006][v][cplayer] Setting option 'window-maximized' = 'no' (flags = 4)
[   0.006][v][auto_profiles] Re-evaluating auto profile minimized
[   0.006][v][auto_profiles] Re-evaluating auto profile maximized
[   0.007][v][auto_profiles] Re-evaluating auto profile pause
[   0.007][v][auto_profiles] Re-evaluating auto profile pgs-fix
[   0.007][d][music_reset] loading file /home/waltz/.config/mpv/scripts/music-reset.lua
[   0.007][v][auto_profiles] Profile condition error on evaluating: [string "profile pgs-fix condition"]:1: attempt to compare number with nil
[   0.007][v][auto_profiles] Re-evaluating auto profile 8k-fix
[   0.007][v][auto_profiles] Profile condition error on evaluating: [string "profile 8k-fix condition"]:1: attempt to compare number with nil
[   0.007][v][auto_profiles] Re-evaluating auto profile fps-fix
[   0.007][d][uosc_webdav2] loading file /home/waltz/.config/mpv/scripts/uosc_webdav/main.lua
[   0.007][d][clock] reading options for clock
[   0.007][v][auto_profiles] Profile condition error on evaluating: [string "profile fps-fix condition"]:1: attempt to compare number with nil
[   0.007][v][auto_profiles] Re-evaluating auto profile video-sync
[   0.007][d][global] config path: 'script-opts/clock.conf' -> '/home/waltz/.config/mpv/script-opts/clock.conf'
[   0.007][v][clock] Opened config file script-opts/clock.conf.
[   0.007][v][auto_profiles] Re-evaluating auto profile HDR-PASS
[   0.007][v][auto_profiles] Profile condition error on evaluating: [string "profile HDR-PASS condition"]:1: attempt to compare number with nil
[   0.007][v][auto_profiles] Re-evaluating auto profile HDR
[   0.007][v][auto_profiles] Profile condition error on evaluating: [string "profile HDR condition"]:1: attempt to compare number with nil
[   0.007][v][auto_profiles] Re-evaluating auto profile SDR-target
[   0.007][v][auto_profiles] Re-evaluating auto profile SDR-gamut
[   0.007][v][auto_profiles] Re-evaluating auto profile peak-percentile
[   0.007][d][uosc_history] reading options for uosc_history
[   0.007][v][auto_profiles] Profile condition error on evaluating: [string "profile peak-percentile condition"]:1: attempt to compare nil with number
[   0.007][d][global] config path: 'script-opts/uosc_history.conf' -> '/home/waltz/.config/mpv/script-opts/uosc_history.conf'
[   0.007][v][auto_profiles] Re-evaluating auto profile hdr-2390
[   0.007][v][uosc_history] Opened config file script-opts/uosc_history.conf.
[   0.007][w][uosc_history] script-opts/uosc_history.conf:14 unknown key 'startup_action', ignoring
[   0.007][w][uosc_history] script-opts/uosc_history.conf:27 unknown key 'restart_threshold', ignoring
[   0.007][w][uosc_history] script-opts/uosc_history.conf:32 unknown key 'use_filename', ignoring
[   0.007][w][uosc_history] script-opts/uosc_history.conf:41 unknown key 'data_path', ignoring
[   0.007][w][uosc_history] script-opts/uosc_history.conf:44 unknown key 'bookmark_data_path', ignoring
[   0.007][v][auto_profiles] Re-evaluating auto profile Deband
[   0.007][d][global] user path: '~~home/uosc_history.json' -> '/home/waltz/.config/mpv/uosc_history.json'
[   0.007][v][auto_profiles] Profile condition error on evaluating: [string "profile Deband condition"]:1: attempt to compare nil with number
[   0.007][v][auto_profiles] Re-evaluating auto profile SD
[   0.007][d][cplayer] Run command: script-message, flags=64, args=[args="uosc-version", args="5.12.1"]
[   0.007][d][music_reset] reading options for music-reset
[   0.007][d][global] config path: 'script-opts/music-reset.conf' -/-> '/home/waltz/.config/mpv/script-opts/music-reset.conf'
[   0.007][d][global] config path: 'script-opts/music-reset.conf' -/-> '/home/waltz/.mpv/script-opts/music-reset.conf'
[   0.007][d][global] config path: 'script-opts/music-reset.conf' -/-> '/etc/mpv/script-opts/music-reset.conf'
[   0.007][d][music_reset] script-opts/music-reset.conf not found.
[   0.007][d][global] config path: 'lua-settings/music-reset.conf' -/-> '/home/waltz/.config/mpv/lua-settings/music-reset.conf'
[   0.007][d][global] config path: 'lua-settings/music-reset.conf' -/-> '/home/waltz/.mpv/lua-settings/music-reset.conf'
[   0.007][d][global] config path: 'lua-settings/music-reset.conf' -/-> '/etc/mpv/lua-settings/music-reset.conf'
[   0.007][d][music_reset] lua-settings/music-reset.conf not found.
[   0.007][d][skip_sponsorblock] reading options for skip_sponsorblock
[   0.007][d][global] config path: 'script-opts/skip_sponsorblock.conf' -> '/home/waltz/.config/mpv/script-opts/skip_sponsorblock.conf'
[   0.007][v][skip_sponsorblock] Opened config file script-opts/skip_sponsorblock.conf.
[   0.007][d][stats] reading options for stats
[   0.007][d][global] config path: 'script-opts/stats.conf' -/-> '/home/waltz/.config/mpv/script-opts/stats.conf'
[   0.007][d][global] config path: 'script-opts/stats.conf' -/-> '/home/waltz/.mpv/script-opts/stats.conf'
[   0.007][d][global] config path: 'script-opts/stats.conf' -/-> '/etc/mpv/script-opts/stats.conf'
[   0.007][d][stats] script-opts/stats.conf not found.
[   0.007][d][global] config path: 'lua-settings/stats.conf' -/-> '/home/waltz/.config/mpv/lua-settings/stats.conf'
[   0.007][d][global] config path: 'lua-settings/stats.conf' -/-> '/home/waltz/.mpv/lua-settings/stats.conf'
[   0.007][d][global] config path: 'lua-settings/stats.conf' -/-> '/etc/mpv/lua-settings/stats.conf'
[   0.007][d][uosc_history2] reading options for uosc_history2
[   0.007][d][stats] lua-settings/stats.conf not found.
[   0.007][d][global] config path: 'script-opts/uosc_history2.conf' -/-> '/home/waltz/.config/mpv/script-opts/uosc_history2.conf'
[   0.007][d][cplayer] Run command: script-message-to, flags=64, args=[target="uosc", args="set-button", args="history", args="{\"tooltip\":\"播放记录\",\"icon\":\"history\",\"command\":\"script-binding uosc_history/history\"}"]
[   0.007][d][global] config path: 'script-opts/uosc_history2.conf' -/-> '/home/waltz/.mpv/script-opts/uosc_history2.conf'
[   0.007][d][global] config path: 'script-opts/uosc_history2.conf' -/-> '/etc/mpv/script-opts/uosc_history2.conf'
[   0.007][d][uosc_history2] script-opts/uosc_history2.conf not found.
[   0.007][d][global] config path: 'lua-settings/uosc_history2.conf' -/-> '/home/waltz/.config/mpv/lua-settings/uosc_history2.conf'
[   0.007][v][auto_profiles] Profile condition error on evaluating: [string "profile SD condition"]:1: attempt to compare nil with number
[   0.007][v][cplayer] Set property: osc="no" -> 1
[   0.007][d][playlistmanager] reading options for playlistmanager
[   0.007][d][global] config path: 'lua-settings/uosc_history2.conf' -/-> '/home/waltz/.mpv/lua-settings/uosc_history2.conf'
[   0.007][d][global] config path: 'script-opts/playlistmanager.conf' -> '/home/waltz/.config/mpv/script-opts/playlistmanager.conf'
[   0.007][d][uosc_webdav2] reading options for uosc_webdav
[   0.007][d][uosc_webdav] reading options for uosc_webdav
[   0.007][d][sub_fastwhisper] reading options for sub_fastwhisper
[   0.007][d][uosc_danmaku] reading options for uosc_danmaku
[   0.007][d][uosc] reading options for uosc
[   0.007][d][global] config path: 'lua-settings/uosc_history2.conf' -/-> '/etc/mpv/lua-settings/uosc_history2.conf'
[   0.007][v][playlistmanager] Opened config file script-opts/playlistmanager.conf.
[   0.007][d][uosc_history2] lua-settings/uosc_history2.conf not found.
[   0.007][d][global] config path: 'script-opts/uosc_webdav.conf' -> '/home/waltz/.config/mpv/script-opts/uosc_webdav.conf'
[   0.007][d][global] config path: 'script-opts/uosc_danmaku.conf' -> '/home/waltz/.config/mpv/script-opts/uosc_danmaku.conf'
[   0.007][v][uosc_danmaku] Opened config file script-opts/uosc_danmaku.conf.
[   0.007][d][global] config path: 'script-opts/uosc_webdav.conf' -> '/home/waltz/.config/mpv/script-opts/uosc_webdav.conf'
[   0.007][d][global] config path: 'script-opts/sub_fastwhisper.conf' -> '/home/waltz/.config/mpv/script-opts/sub_fastwhisper.conf'
[   0.008][d][chapterskip] reading options for chapterskip
[   0.008][v][sub_fastwhisper] Opened config file script-opts/sub_fastwhisper.conf.
[   0.008][v][uosc_webdav] Opened config file script-opts/uosc_webdav.conf.
[   0.008][v][uosc_webdav2] Opened config file script-opts/uosc_webdav.conf.
[   0.008][d][cplayer] Run command: script-message-to, flags=64, args=[target="uosc", args="set-button", args="bookmarks", args="{\"tooltip\":\"收藏夹\",\"icon\":\"folder_special\",\"command\":\"script-binding uosc_history/bookmarks\"}"]
[   0.008][d][global] config path: 'script-opts/uosc.conf' -> '/home/waltz/.config/mpv/script-opts/uosc.conf'
[   0.008][d][global] config path: 'script-opts/chapterskip.conf' -> '/home/waltz/.config/mpv/script-opts/chapterskip.conf'
[   0.008][v][chapterskip] Opened config file script-opts/chapterskip.conf.
[   0.008][v][uosc] Opened config file script-opts/uosc.conf.
[   0.008][d][global] config path: 'uosc_history.json' -> '/home/waltz/.config/mpv/uosc_history.json'
[   0.008][d][global] user path: '~~/uosc_history.json' -> '/home/waltz/.config/mpv/uosc_history.json'
[   0.008][d][cplayer] Run command: script-message-to, flags=64, args=[target="uosc", args="set-button", args="add_bookmarks", args="{\"tooltip\":\"收藏\",\"icon\":\"star\",\"command\":\"script-binding uosc_history/add_bookmarks\"}"]
[   0.008][d][global] config path: 'uosc_history_bookmarks.json' -> '/home/waltz/.config/mpv/uosc_history_bookmarks.json'
[   0.008][d][global] user path: '~~/uosc_history_bookmarks.json' -> '/home/waltz/.config/mpv/uosc_history_bookmarks.json'
[   0.008][d][global] config path: 'files/chapterskip_history.json' -/-> '/home/waltz/.config/mpv/files/chapterskip_history.json'
[   0.008][d][global] config path: 'files/chapterskip_history.json' -/-> '/home/waltz/.mpv/files/chapterskip_history.json'
[   0.008][d][global] config path: 'files/chapterskip_history.json' -/-> '/etc/mpv/files/chapterskip_history.json'
[   0.008][d][global] user path: '~~/files/chapterskip_history.json' -> '/home/waltz/.config/mpv/files/chapterskip_history.json'
[   0.008][d][cplayer] Run command: define-section, flags=64, args=[name="input_stats", contents="", flags="default"]
[   0.008][d][cplayer] Run command: enable-section, flags=64, args=[name="input_stats", flags="allow-hide-cursor+allow-vo-dragging"]
[   0.008][v][playlistmanager] updating options
[   0.008][d][cplayer] Run command: define-section, flags=64, args=[name="input_forced_stats", contents="", flags="force"]
[   0.008][d][cplayer] Run command: define-section, flags=64, args=[name="input_uosc_history", contents="", flags="default"]
[   0.008][d][cplayer] Run command: enable-section, flags=64, args=[name="input_forced_stats", flags="allow-hide-cursor+allow-vo-dragging"]
[   0.008][v][cplayer] Set property: user-data/playlistmanager/sort-mode="name-asc" -> 1
[   0.008][v][cplayer] Set property: user-data/playlistmanager/active-sort-mode="" -> 1
[   0.008][d][cplayer] Run command: enable-section, flags=64, args=[name="input_uosc_history", flags="allow-hide-cursor+allow-vo-dragging"]
[   0.008][d][console] reading options for console
[   0.008][d][cplayer] Run command: define-section, flags=64, args=[name="input_forced_uosc_history", contents="", flags="force"]
[   0.008][d][global] config path: 'script-opts/console.conf' -/-> '/home/waltz/.config/mpv/script-opts/console.conf'
[   0.008][d][global] config path: 'script-opts/console.conf' -/-> '/home/waltz/.mpv/script-opts/console.conf'
[   0.008][d][global] config path: 'script-opts/console.conf' -/-> '/etc/mpv/script-opts/console.conf'
[   0.008][d][console] script-opts/console.conf not found.
[   0.008][d][global] config path: 'lua-settings/console.conf' -/-> '/home/waltz/.config/mpv/lua-settings/console.conf'
[   0.008][d][global] config path: 'lua-settings/console.conf' -/-> '/home/waltz/.mpv/lua-settings/console.conf'
[   0.008][d][global] config path: 'lua-settings/console.conf' -/-> '/etc/mpv/lua-settings/console.conf'
[   0.008][d][console] lua-settings/console.conf not found.
[   0.008][v][auto_profiles] Re-evaluating auto profile audio
[   0.008][v][auto_profiles] Re-evaluating auto profile media-title
[   0.008][v][auto_profiles] Profile condition error on evaluating: [string "profile media-title condition"]:1: attempt to index global 'path' (a nil value)
[   0.008][v][auto_profiles] Re-evaluating auto profile end
[   0.008][v][auto_profiles] Re-evaluating auto profile minimized
[   0.008][v][auto_profiles] Re-evaluating auto profile maximized
[   0.008][d][cplayer] Run command: define-section, flags=64, args=[name="input_playlistmanager", contents="", flags="default"]
[   0.008][v][auto_profiles] Re-evaluating auto profile pause
[   0.008][v][auto_profiles] Re-evaluating auto profile pgs-fix
[   0.008][d][cplayer] Run command: script-message, flags=64, args=[args="uosc_webdav-version", args="2.0.0"]
[   0.008][v][auto_profiles] Profile condition error on evaluating: [string "profile pgs-fix condition"]:1: attempt to compare number with nil
[   0.008][v][auto_profiles] Re-evaluating auto profile 8k-fix
[   0.008][v][auto_profiles] Profile condition error on evaluating: [string "profile 8k-fix condition"]:1: attempt to compare number with nil
[   0.008][v][auto_profiles] Re-evaluating auto profile fps-fix
[   0.008][v][auto_profiles] Profile condition error on evaluating: [string "profile fps-fix condition"]:1: attempt to compare number with nil
[   0.008][v][auto_profiles] Re-evaluating auto profile video-sync
[   0.008][d][cplayer] Run command: enable-section, flags=64, args=[name="input_forced_uosc_history", flags="allow-hide-cursor+allow-vo-dragging"]
[   0.008][v][auto_profiles] Re-evaluating auto profile HDR-PASS
[   0.008][v][auto_profiles] Profile condition error on evaluating: [string "profile HDR-PASS condition"]:1: attempt to compare number with nil
[   0.008][v][auto_profiles] Re-evaluating auto profile HDR
[   0.008][v][auto_profiles] Profile condition error on evaluating: [string "profile HDR condition"]:1: attempt to compare number with nil
[   0.008][v][auto_profiles] Re-evaluating auto profile SDR-target
[   0.008][v][auto_profiles] Re-evaluating auto profile SDR-gamut
[   0.008][v][auto_profiles] Re-evaluating auto profile peak-percentile
[   0.008][v][auto_profiles] Profile condition error on evaluating: [string "profile peak-percentile condition"]:1: attempt to compare nil with number
[   0.008][v][auto_profiles] Re-evaluating auto profile hdr-2390
[   0.008][v][auto_profiles] Re-evaluating auto profile Deband
[   0.008][v][auto_profiles] Profile condition error on evaluating: [string "profile Deband condition"]:1: attempt to compare nil with number
[   0.008][v][auto_profiles] Re-evaluating auto profile SD
[   0.008][v][auto_profiles] Profile condition error on evaluating: [string "profile SD condition"]:1: attempt to compare nil with number
[   0.008][d][cplayer] Run command: enable-section, flags=64, args=[name="input_playlistmanager", flags="allow-hide-cursor+allow-vo-dragging"]
[   0.008][d][cplayer] Run command: define-section, flags=64, args=[name="input_forced_playlistmanager", contents="", flags="force"]
[   0.008][d][cplayer] Run command: enable-section, flags=64, args=[name="input_forced_playlistmanager", flags="allow-hide-cursor+allow-vo-dragging"]
[   0.008][d][cplayer] Run command: define-section, flags=64, args=[name="input_console", contents="", flags="default"]
[   0.008][d][cplayer] Run command: enable-section, flags=64, args=[name="input_console", flags="allow-hide-cursor+allow-vo-dragging"]
[   0.008][d][cplayer] Run command: define-section, flags=64, args=[name="input_forced_console", contents="", flags="force"]
[   0.008][d][cplayer] Run command: enable-section, flags=64, args=[name="input_forced_console", flags="allow-hide-cursor+allow-vo-dragging"]
[   0.009][d][uosc_webdav2] uosc_webdav v2.0.0 已加载
[   0.009][d][cplayer] Run command: script-message-to, flags=64, args=[target="uosc", args="set-button", args="history", args="{\"tooltip\":\"播放记录\",\"command\":\"script-binding uosc_history2/history\",\"icon\":\"history\"}"]
[   0.009][d][cplayer] Run command: script-message-to, flags=64, args=[target="uosc", args="set-button", args="bookmarks", args="{\"tooltip\":\"收藏夹\",\"command\":\"script-binding uosc_history2/bookmarks\",\"icon\":\"folder_special\"}"]
[   0.009][d][cplayer] Run command: script-message-to, flags=64, args=[target="uosc", args="set-button", args="add_bookmarks", args="{\"tooltip\":\"收藏\",\"command\":\"script-binding uosc_history2/add_bookmarks\",\"icon\":\"star\"}"]
[   0.009][i][uosc_history2] 播放记录: 开
[   0.009][d][cplayer] Run command: define-section, flags=64, args=[name="input_uosc_history2", contents="", flags="default"]
[   0.009][d][cplayer] Run command: enable-section, flags=64, args=[name="input_uosc_history2", flags="allow-hide-cursor+allow-vo-dragging"]
[   0.009][d][cplayer] Run command: define-section, flags=64, args=[name="input_forced_uosc_history2", contents="", flags="force"]
[   0.009][d][cplayer] Run command: enable-section, flags=64, args=[name="input_forced_uosc_history2", flags="allow-hide-cursor+allow-vo-dragging"]
[   0.013][d][cplayer] Run command: script-message-to, flags=64, args=[target="uosc", args="set-button", args="danmaku", args="{\"command\":\"script-message open_search_danmaku_menu\",\"icon\":\"search\",\"tooltip\":\"弹幕搜索\"}"]
[   0.013][d][cplayer] Run command: script-message-to, flags=64, args=[target="uosc", args="set-button", args="danmaku_source", args="{\"command\":\"script-message open_add_source_menu\",\"icon\":\"add_box\",\"tooltip\":\"从源添加弹幕\"}"]
[   0.013][d][cplayer] Run command: script-message-to, flags=64, args=[target="uosc", args="set-button", args="danmaku_styles", args="{\"command\":\"script-message open_danmaku_style_menu\",\"icon\":\"palette\",\"tooltip\":\"弹幕样式\"}"]
[   0.013][d][cplayer] Run command: script-message-to, flags=64, args=[target="uosc", args="set-button", args="danmaku_delay", args="{\"command\":\"script-message open_source_delay_menu\",\"icon\":\"more_time\",\"tooltip\":\"弹幕源延迟设置\"}"]
[   0.013][d][cplayer] Run command: script-message-to, flags=64, args=[target="uosc", args="set-button", args="danmaku_menu", args="{\"command\":\"script-message open_add_total_menu\",\"icon\":\"grid_view\",\"tooltip\":\"弹幕设置\"}"]
[   0.013][d][cplayer] Run command: script-message-to, flags=64, args=[target="uosc", args="set", args="show_danmaku", args="off"]
[   0.013][d][global] config path: 'files/danmaku-history.json' -> '/home/waltz/.config/mpv/files/danmaku-history.json'
[   0.013][d][global] user path: '~~/files/danmaku-history.json' -> '/home/waltz/.config/mpv/files/danmaku-history.json'
[   0.013][v][cplayer] Set property: user-data/uosc_danmaku/danmaku-delay=0 -> 1
[   0.013][v][cplayer] Set property: user-data/uosc_danmaku/has-danmaku=false -> 1
[   0.013][d][cplayer] Run command: define-section, flags=64, args=[name="input_uosc_danmaku", contents="Ctrl+d nonscalable script-binding uosc_danmaku/open_search_danmaku_menu\nj nonscalable script-binding uosc_danmaku/show_danmaku_keyboard\n", flags="default"]
[   0.013][d][cplayer] Run command: enable-section, flags=64, args=[name="input_uosc_danmaku", flags="allow-hide-cursor+allow-vo-dragging"]
[   0.014][d][cplayer] Run command: define-section, flags=64, args=[name="input_forced_uosc_danmaku", contents="", flags="force"]
[   0.014][d][cplayer] Run command: enable-section, flags=64, args=[name="input_forced_uosc_danmaku", flags="allow-hide-cursor+allow-vo-dragging"]
[   0.017][d][cplayer] Run command: define-section, flags=64, args=[name="mbtn_left", contents="mbtn_left script-binding uosc/__keybinding1\nalt+mbtn_left script-binding uosc/__keybinding2\nalt+ctrl+mbtn_left script-binding uosc/__keybinding3\nalt+shift+mbtn_left script-binding uosc/__keybinding4\nalt+ctrl+shift+mbtn_left script-binding uosc/__keybinding5\nctrl+mbtn_left script-binding uosc/__keybinding6\nctrl+shift+mbtn_left script-binding uosc/__keybinding7\nshift+mbtn_left script-binding uosc/__keybinding8\n", flags="force"]
[   0.017][d][cplayer] Run command: define-section, flags=64, args=[name="mbtn_left_dbl", contents="mbtn_left_dbl ignore\n", flags="force"]
[   0.017][d][cplayer] Run command: define-section, flags=64, args=[name="mbtn_right", contents="mbtn_right script-binding uosc/__keybinding9\n", flags="force"]
[   0.017][d][cplayer] Run command: define-section, flags=64, args=[name="wheel", contents="wheel_up script-binding uosc/__keybinding10\nwheel_down script-binding uosc/__keybinding11\n", flags="force"]
[   0.023][v][cplayer] Done loading scripts.
[   0.023][v][vo/gpu-next] Probing for best GPU context.
[   0.023][v][vo/gpu-next/vulkan] Initializing GPU context 'waylandvk'
[   0.023][v][vo/gpu-next/libplacebo] Initialized libplacebo v7.360.1 (API v360)
[   0.023][d][vo/gpu-next/libplacebo] Available instance version: 1.4.357
[   0.024][d][vo/gpu-next/libplacebo] Spent 0.417 ms enumerating instance layers
[   0.024][d][vo/gpu-next/libplacebo] Available layers:
[   0.024][d][vo/gpu-next/libplacebo]     VK_LAYER_MESA_anti_lag (v1.4.303)
[   0.024][d][vo/gpu-next/libplacebo]     VK_LAYER_MESA_device_select (v1.4.303)
[   0.024][d][vo/gpu-next/libplacebo]     VK_LAYER_MESA_vram_report_limit (v1.4.303)
[   0.024][d][vo/gpu-next/libplacebo]     VK_LAYER_MESA_screenshot (v1.4.303)
[   0.024][d][vo/gpu-next/libplacebo]     VK_LAYER_MESA_overlay (v1.4.303)
[   0.024][d][vo/gpu-next/libplacebo]     VK_LAYER_INTEL_nullhw (v1.1.73)
[   0.048][v][vo/gpu-next/libplacebo] Spent 24.254 ms enumerating instance extensions
[   0.048][d][vo/gpu-next/libplacebo] Available instance extensions:
[   0.048][d][vo/gpu-next/libplacebo]     VK_KHR_device_group_creation
[   0.048][d][vo/gpu-next/libplacebo]     VK_KHR_display
[   0.048][d][vo/gpu-next/libplacebo]     VK_KHR_external_fence_capabilities
[   0.048][d][vo/gpu-next/libplacebo]     VK_KHR_external_memory_capabilities
[   0.048][d][vo/gpu-next/libplacebo]     VK_KHR_external_semaphore_capabilities
[   0.048][d][vo/gpu-next/libplacebo]     VK_KHR_get_display_properties2
[   0.048][d][vo/gpu-next/libplacebo]     VK_KHR_get_physical_device_properties2
[   0.048][d][vo/gpu-next/libplacebo]     VK_KHR_get_surface_capabilities2
[   0.048][d][vo/gpu-next/libplacebo]     VK_KHR_surface
[   0.048][d][vo/gpu-next/libplacebo]     VK_KHR_surface_maintenance1
[   0.048][d][vo/gpu-next/libplacebo]     VK_KHR_wayland_surface
[   0.048][d][vo/gpu-next/libplacebo]     VK_KHR_xcb_surface
[   0.048][d][vo/gpu-next/libplacebo]     VK_KHR_xlib_surface
[   0.048][d][vo/gpu-next/libplacebo]     VK_EXT_acquire_drm_display
[   0.048][d][vo/gpu-next/libplacebo]     VK_EXT_acquire_xlib_display
[   0.048][d][vo/gpu-next/libplacebo]     VK_EXT_debug_report
[   0.048][d][vo/gpu-next/libplacebo]     VK_EXT_debug_utils
[   0.048][d][vo/gpu-next/libplacebo]     VK_EXT_direct_mode_display
[   0.048][d][vo/gpu-next/libplacebo]     VK_EXT_display_surface_counter
[   0.048][d][vo/gpu-next/libplacebo]     VK_EXT_headless_surface
[   0.048][d][vo/gpu-next/libplacebo]     VK_EXT_surface_maintenance1
[   0.048][d][vo/gpu-next/libplacebo]     VK_KHR_surface_protected_capabilities
[   0.048][d][vo/gpu-next/libplacebo]     VK_EXT_swapchain_colorspace
[   0.048][d][vo/gpu-next/libplacebo]     VK_KHR_portability_enumeration
[   0.048][d][vo/gpu-next/libplacebo]     VK_LUNARG_direct_driver_loading
[   0.048][d][vo/gpu-next/libplacebo]     VK_EXT_layer_settings
[   0.048][v][vo/gpu-next/libplacebo] Creating vulkan instance with extensions:
[   0.048][v][vo/gpu-next/libplacebo]     VK_KHR_surface
[   0.048][v][vo/gpu-next/libplacebo]     VK_EXT_swapchain_colorspace
[   0.048][v][vo/gpu-next/libplacebo]     VK_KHR_get_surface_capabilities2
[   0.048][v][vo/gpu-next/libplacebo]     VK_KHR_surface_maintenance1
[   0.048][v][vo/gpu-next/libplacebo]     VK_EXT_surface_maintenance1
[   0.048][v][vo/gpu-next/libplacebo]     VK_KHR_portability_enumeration
[   0.048][v][vo/gpu-next/libplacebo]     VK_KHR_surface
[   0.048][v][vo/gpu-next/libplacebo]     VK_KHR_wayland_surface
[   0.055][d][vo/gpu-next/libplacebo] Spent 6.844 ms creating vulkan instance
[   0.055][v][vo/gpu-next/wayland] Registered interface zwp_tablet_manager_v2 at version 1
[   0.055][v][vo/gpu-next/wayland] Registered interface wp_color_representation_manager_v1 at version 1
[   0.055][v][vo/gpu-next/wayland] Registered interface wl_shm at version 1
[   0.055][v][vo/gpu-next/wayland] Registered interface zwp_linux_dmabuf_v1 at version 4
[   0.055][v][vo/gpu-next/wayland] Registered interface wl_compositor at version 6
[   0.055][v][vo/gpu-next/wayland] Registered interface wl_data_device_manager at version 3
[   0.055][v][vo/gpu-next/wayland] Registered interface wp_viewporter at version 1
[   0.055][v][vo/gpu-next/wayland] Registered interface wp_single_pixel_buffer_manager_v1 at version 1
[   0.055][v][vo/gpu-next/wayland] Registered interface wp_fractional_scale_manager_v1 at version 1
[   0.055][v][vo/gpu-next/wayland] Registered interface wp_presentation at version 2
[   0.055][v][vo/gpu-next/wayland] Registered interface wl_subcompositor at version 1
[   0.055][v][vo/gpu-next/wayland] Registered interface xdg_activation_v1 at version 1
[   0.055][v][vo/gpu-next/wayland] Registered interface zwp_idle_inhibit_manager_v1 at version 1
[   0.055][v][vo/gpu-next/wayland] Registered interface xdg_wm_base at version 6
[   0.055][v][vo/gpu-next/wayland] Registered interface zxdg_decoration_manager_v1 at version 1
[   0.055][v][vo/gpu-next/wayland] Registered interface wp_cursor_shape_manager_v1 at version 1
[   0.055][v][vo/gpu-next/wayland] Registered interface wl_seat at version 8
[   0.055][v][vo/gpu-next/wayland] Registered interface zwp_text_input_manager_v3 at version 1
[   0.055][v][vo/gpu-next/wayland] Registered interface wl_output at version 4
[   0.055][v][vo/gpu-next/wayland] Activating window with token: 'a27d313a71fc25d19ee1255007f9be36'
[   0.055][v][vo/gpu-next/wayland] Compositor doesn't support the wp_color_manager_v1 protocol!
[   0.055][v][vo/gpu-next/wayland] Compositor doesn't support the wp_content_type_manager_v1 protocol!
[   0.055][d][vo/gpu-next/wayland] Querying available drm format and modifier pairs from tranche on device '57984'
[   0.055][d][vo/gpu-next/wayland] Compositor supports drm format: 'AB4H(020000001876bb03)'
[   0.055][d][vo/gpu-next/wayland] Compositor supports drm format: 'AB4H(0200000018601b03)'
[   0.055][d][vo/gpu-next/wayland] Compositor supports drm format: 'AB4H(0200000008601603)'
[   0.055][d][vo/gpu-next/wayland] Compositor supports drm format: 'AB4H(0200000000000a01)'
[   0.055][d][vo/gpu-next/wayland] Compositor supports drm format: 'AB4H(0200000000000901)'
[   0.055][d][vo/gpu-next/wayland] Compositor supports drm format: 'AB4H(0000000000000000)'
[   0.055][d][vo/gpu-next/wayland] Compositor supports drm format: 'AB4H(00ffffffffffffff)'
[   0.055][d][vo/gpu-next/wayland] Compositor supports drm format: 'XB4H(020000001876bb03)'
[   0.055][d][vo/gpu-next/wayland] Compositor supports drm format: 'XB4H(0200000018601b03)'
[   0.055][d][vo/gpu-next/wayland] Compositor supports drm format: 'XB4H(0200000008601603)'
[   0.055][d][vo/gpu-next/wayland] Compositor supports drm format: 'XB4H(0200000000000a01)'
[   0.055][d][vo/gpu-next/wayland] Compositor supports drm format: 'XB4H(0200000000000901)'
[   0.055][d][vo/gpu-next/wayland] Compositor supports drm format: 'XB4H(0000000000000000)'
[   0.055][d][vo/gpu-next/wayland] Compositor supports drm format: 'XB4H(00ffffffffffffff)'
[   0.055][d][vo/gpu-next/wayland] Compositor supports drm format: 'AB48(020000001876bb03)'
[   0.055][d][vo/gpu-next/wayland] Compositor supports drm format: 'AB48(0200000018601b03)'
[   0.055][d][vo/gpu-next/wayland] Compositor supports drm format: 'AB48(0200000008601603)'
[   0.055][d][vo/gpu-next/wayland] Compositor supports drm format: 'AB48(0200000000000a01)'
[   0.055][d][vo/gpu-next/wayland] Compositor supports drm format: 'AB48(0200000000000901)'
[   0.055][d][vo/gpu-next/wayland] Compositor supports drm format: 'AB48(0000000000000000)'
[   0.055][d][vo/gpu-next/wayland] Compositor supports drm format: 'AB48(00ffffffffffffff)'
[   0.055][d][vo/gpu-next/wayland] Compositor supports drm format: 'XB48(020000001876bb03)'
[   0.055][d][vo/gpu-next/wayland] Compositor supports drm format: 'XB48(0200000018601b03)'
[   0.055][d][vo/gpu-next/wayland] Compositor supports drm format: 'XB48(0200000008601603)'
[   0.055][d][vo/gpu-next/wayland] Compositor supports drm format: 'XB48(0200000000000a01)'
[   0.055][d][vo/gpu-next/wayland] Compositor supports drm format: 'XB48(0200000000000901)'
[   0.055][d][vo/gpu-next/wayland] Compositor supports drm format: 'XB48(0000000000000000)'
[   0.055][d][vo/gpu-next/wayland] Compositor supports drm format: 'XB48(00ffffffffffffff)'
[   0.055][d][vo/gpu-next/wayland] Compositor supports drm format: 'AR30(020000001876bb03)'
[   0.055][d][vo/gpu-next/wayland] Compositor supports drm format: 'AR30(0200000018767b03)'
[   0.055][d][vo/gpu-next/wayland] Compositor supports drm format: 'AR30(0200000018737b03)'
[   0.055][d][vo/gpu-next/wayland] Compositor supports drm format: 'AR30(0200000018601b03)'
[   0.055][d][vo/gpu-next/wayland] Compositor supports drm format: 'AR30(0200000008601603)'
[   0.055][d][vo/gpu-next/wayland] Compositor supports drm format: 'AR30(0200000000000901)'
[   0.055][d][vo/gpu-next/wayland] Compositor supports drm format: 'AR30(0000000000000000)'
[   0.055][d][vo/gpu-next/wayland] Compositor supports drm format: 'AR30(00ffffffffffffff)'
[   0.055][d][vo/gpu-next/wayland] Compositor supports drm format: 'XR30(020000001876bb03)'
[   0.055][d][vo/gpu-next/wayland] Compositor supports drm format: 'XR30(0200000018767b03)'
[   0.055][d][vo/gpu-next/wayland] Compositor supports drm format: 'XR30(0200000018737b03)'
[   0.055][d][vo/gpu-next/wayland] Compositor supports drm format: 'XR30(0200000018601b03)'
[   0.055][d][vo/gpu-next/wayland] Compositor supports drm format: 'XR30(0200000008601603)'
[   0.056][d][vo/gpu-next/wayland] Compositor supports drm format: 'XR30(0200000000000901)'
[   0.056][d][vo/gpu-next/wayland] Compositor supports drm format: 'XR30(0000000000000000)'
[   0.056][d][vo/gpu-next/wayland] Compositor supports drm format: 'XR30(00ffffffffffffff)'
[   0.056][d][vo/gpu-next/wayland] Compositor supports drm format: 'AB30(020000001876bb03)'
[   0.056][d][vo/gpu-next/wayland] Compositor supports drm format: 'AB30(0200000018767b03)'
[   0.056][d][vo/gpu-next/wayland] Compositor supports drm format: 'AB30(0200000018737b03)'
[   0.056][d][vo/gpu-next/wayland] Compositor supports drm format: 'AB30(0200000018601b03)'
[   0.056][d][vo/gpu-next/wayland] Compositor supports drm format: 'AB30(0200000008601603)'
[   0.056][d][vo/gpu-next/wayland] Compositor supports drm format: 'AB30(0200000000000901)'
[   0.056][d][vo/gpu-next/wayland] Compositor supports drm format: 'AB30(0000000000000000)'
[   0.056][d][vo/gpu-next/wayland] Compositor supports drm format: 'AB30(00ffffffffffffff)'
[   0.056][d][vo/gpu-next/wayland] Compositor supports drm format: 'XB30(020000001876bb03)'
[   0.056][d][vo/gpu-next/wayland] Compositor supports drm format: 'XB30(0200000018767b03)'
[   0.056][d][vo/gpu-next/wayland] Compositor supports drm format: 'XB30(0200000018737b03)'
[   0.056][d][vo/gpu-next/wayland] Compositor supports drm format: 'XB30(0200000018601b03)'
[   0.056][d][vo/gpu-next/wayland] Compositor supports drm format: 'XB30(0200000008601603)'
[   0.056][d][vo/gpu-next/wayland] Compositor supports drm format: 'XB30(0200000000000901)'
[   0.056][d][vo/gpu-next/wayland] Compositor supports drm format: 'XB30(0000000000000000)'
[   0.056][d][vo/gpu-next/wayland] Compositor supports drm format: 'XB30(00ffffffffffffff)'
[   0.056][d][vo/gpu-next/wayland] Compositor supports drm format: 'AR24(020000001876bb03)'
[   0.056][d][vo/gpu-next/wayland] Compositor supports drm format: 'AR24(0200000018767b03)'
[   0.056][d][vo/gpu-next/wayland] Compositor supports drm format: 'AR24(0200000018737b03)'
[   0.056][d][vo/gpu-next/wayland] Compositor supports drm format: 'AR24(0200000018601b03)'
[   0.056][d][vo/gpu-next/wayland] Compositor supports drm format: 'AR24(0200000008601603)'
[   0.056][d][vo/gpu-next/wayland] Compositor supports drm format: 'AR24(0200000000000901)'
[   0.056][d][vo/gpu-next/wayland] Compositor supports drm format: 'AR24(0000000000000000)'
[   0.056][d][vo/gpu-next/wayland] Compositor supports drm format: 'AR24(00ffffffffffffff)'
[   0.056][d][vo/gpu-next/wayland] Compositor supports drm format: 'BA24(020000001876bb03)'
[   0.056][d][vo/gpu-next/wayland] Compositor supports drm format: 'BA24(0200000018767b03)'
[   0.056][d][vo/gpu-next/wayland] Compositor supports drm format: 'BA24(0200000018737b03)'
[   0.056][d][vo/gpu-next/wayland] Compositor supports drm format: 'BA24(0200000018601b03)'
[   0.056][d][vo/gpu-next/wayland] Compositor supports drm format: 'BA24(0200000008601603)'
[   0.056][d][vo/gpu-next/wayland] Compositor supports drm format: 'BA24(0200000000000901)'
[   0.056][d][vo/gpu-next/wayland] Compositor supports drm format: 'BA24(0000000000000000)'
[   0.056][d][vo/gpu-next/wayland] Compositor supports drm format: 'BA24(00ffffffffffffff)'
[   0.056][d][vo/gpu-next/wayland] Compositor supports drm format: 'AB24(020000001876bb03)'
[   0.056][d][vo/gpu-next/wayland] Compositor supports drm format: 'AB24(0200000018767b03)'
[   0.056][d][vo/gpu-next/wayland] Compositor supports drm format: 'AB24(0200000018737b03)'
[   0.056][d][vo/gpu-next/wayland] Compositor supports drm format: 'AB24(0200000018601b03)'
[   0.056][d][vo/gpu-next/wayland] Compositor supports drm format: 'AB24(0200000008601603)'
[   0.056][d][vo/gpu-next/wayland] Compositor supports drm format: 'AB24(0200000000000901)'
[   0.056][d][vo/gpu-next/wayland] Compositor supports drm format: 'AB24(0000000000000000)'
[   0.056][d][vo/gpu-next/wayland] Compositor supports drm format: 'AB24(00ffffffffffffff)'
[   0.056][d][vo/gpu-next/wayland] Compositor supports drm format: 'RA24(020000001876bb03)'
[   0.056][d][vo/gpu-next/wayland] Compositor supports drm format: 'RA24(0200000018767b03)'
[   0.056][d][vo/gpu-next/wayland] Compositor supports drm format: 'RA24(0200000018737b03)'
[   0.056][d][vo/gpu-next/wayland] Compositor supports drm format: 'RA24(0200000018601b03)'
[   0.056][d][vo/gpu-next/wayland] Compositor supports drm format: 'RA24(0200000008601603)'
[   0.056][d][vo/gpu-next/wayland] Compositor supports drm format: 'RA24(0200000000000901)'
[   0.056][d][vo/gpu-next/wayland] Compositor supports drm format: 'RA24(0000000000000000)'
[   0.056][d][vo/gpu-next/wayland] Compositor supports drm format: 'RA24(00ffffffffffffff)'
[   0.056][d][vo/gpu-next/wayland] Compositor supports drm format: 'XR24(020000001876bb03)'
[   0.056][d][vo/gpu-next/wayland] Compositor supports drm format: 'XR24(0200000018767b03)'
[   0.056][d][vo/gpu-next/wayland] Compositor supports drm format: 'XR24(0200000018737b03)'
[   0.056][d][vo/gpu-next/wayland] Compositor supports drm format: 'XR24(0200000018601b03)'
[   0.056][d][vo/gpu-next/wayland] Compositor supports drm format: 'XR24(0200000008601603)'
[   0.056][d][vo/gpu-next/wayland] Compositor supports drm format: 'XR24(0200000000000901)'
[   0.056][d][vo/gpu-next/wayland] Compositor supports drm format: 'XR24(0000000000000000)'
[   0.056][d][vo/gpu-next/wayland] Compositor supports drm format: 'XR24(00ffffffffffffff)'
[   0.056][d][vo/gpu-next/wayland] Compositor supports drm format: 'BX24(020000001876bb03)'
[   0.056][d][vo/gpu-next/wayland] Compositor supports drm format: 'BX24(0200000018767b03)'
[   0.056][d][vo/gpu-next/wayland] Compositor supports drm format: 'BX24(0200000018737b03)'
[   0.056][d][vo/gpu-next/wayland] Compositor supports drm format: 'BX24(0200000018601b03)'
[   0.056][d][vo/gpu-next/wayland] Compositor supports drm format: 'BX24(0200000008601603)'
[   0.056][d][vo/gpu-next/wayland] Compositor supports drm format: 'BX24(0200000000000901)'
[   0.056][d][vo/gpu-next/wayland] Compositor supports drm format: 'BX24(0000000000000000)'
[   0.056][d][vo/gpu-next/wayland] Compositor supports drm format: 'BX24(00ffffffffffffff)'
[   0.056][d][vo/gpu-next/wayland] Compositor supports drm format: 'XB24(020000001876bb03)'
[   0.056][d][vo/gpu-next/wayland] Compositor supports drm format: 'XB24(0200000018767b03)'
[   0.056][d][vo/gpu-next/wayland] Compositor supports drm format: 'XB24(0200000018737b03)'
[   0.056][d][vo/gpu-next/wayland] Compositor supports drm format: 'XB24(0200000018601b03)'
[   0.056][d][vo/gpu-next/wayland] Compositor supports drm format: 'XB24(0200000008601603)'
[   0.056][d][vo/gpu-next/wayland] Compositor supports drm format: 'XB24(0200000000000901)'
[   0.056][d][vo/gpu-next/wayland] Compositor supports drm format: 'XB24(0000000000000000)'
[   0.056][d][vo/gpu-next/wayland] Compositor supports drm format: 'XB24(00ffffffffffffff)'
[   0.056][d][vo/gpu-next/wayland] Compositor supports drm format: 'RX24(020000001876bb03)'
[   0.056][d][vo/gpu-next/wayland] Compositor supports drm format: 'RX24(0200000018767b03)'
[   0.056][d][vo/gpu-next/wayland] Compositor supports drm format: 'RX24(0200000018737b03)'
[   0.056][d][vo/gpu-next/wayland] Compositor supports drm format: 'RX24(0200000018601b03)'
[   0.056][d][vo/gpu-next/wayland] Compositor supports drm format: 'RX24(0200000008601603)'
[   0.056][d][vo/gpu-next/wayland] Compositor supports drm format: 'RX24(0200000000000901)'
[   0.056][d][vo/gpu-next/wayland] Compositor supports drm format: 'RX24(0000000000000000)'
[   0.056][d][vo/gpu-next/wayland] Compositor supports drm format: 'RX24(00ffffffffffffff)'
[   0.056][d][vo/gpu-next/wayland] Compositor supports drm format: 'AR15(020000001876bb03)'
[   0.056][d][vo/gpu-next/wayland] Compositor supports drm format: 'AR15(0200000018601b03)'
[   0.056][d][vo/gpu-next/wayland] Compositor supports drm format: 'AR15(0200000008601603)'
[   0.056][d][vo/gpu-next/wayland] Compositor supports drm format: 'AR15(0200000000000a01)'
[   0.056][d][vo/gpu-next/wayland] Compositor supports drm format: 'AR15(0200000000000901)'
[   0.056][d][vo/gpu-next/wayland] Compositor supports drm format: 'AR15(0000000000000000)'
[   0.056][d][vo/gpu-next/wayland] Compositor supports drm format: 'AR15(00ffffffffffffff)'
[   0.056][d][vo/gpu-next/wayland] Compositor supports drm format: 'AB15(020000001876bb03)'
[   0.056][d][vo/gpu-next/wayland] Compositor supports drm format: 'AB15(0200000018601b03)'
[   0.056][d][vo/gpu-next/wayland] Compositor supports drm format: 'AB15(0200000008601603)'
[   0.056][d][vo/gpu-next/wayland] Compositor supports drm format: 'AB15(0200000000000a01)'
[   0.056][d][vo/gpu-next/wayland] Compositor supports drm format: 'AB15(0200000000000901)'
[   0.056][d][vo/gpu-next/wayland] Compositor supports drm format: 'AB15(0000000000000000)'
[   0.056][d][vo/gpu-next/wayland] Compositor supports drm format: 'AB15(00ffffffffffffff)'
[   0.056][d][vo/gpu-next/wayland] Compositor supports drm format: 'AR12(020000001876bb03)'
[   0.056][d][vo/gpu-next/wayland] Compositor supports drm format: 'AR12(0200000018601b03)'
[   0.056][d][vo/gpu-next/wayland] Compositor supports drm format: 'AR12(0200000008601603)'
[   0.056][d][vo/gpu-next/wayland] Compositor supports drm format: 'AR12(0200000000000a01)'
[   0.056][d][vo/gpu-next/wayland] Compositor supports drm format: 'AR12(0200000000000901)'
[   0.056][d][vo/gpu-next/wayland] Compositor supports drm format: 'AR12(0000000000000000)'
[   0.056][d][vo/gpu-next/wayland] Compositor supports drm format: 'AR12(00ffffffffffffff)'
[   0.056][d][vo/gpu-next/wayland] Compositor supports drm format: 'AB12(020000001876bb03)'
[   0.056][d][vo/gpu-next/wayland] Compositor supports drm format: 'AB12(0200000018601b03)'
[   0.056][d][vo/gpu-next/wayland] Compositor supports drm format: 'AB12(0200000008601603)'
[   0.056][d][vo/gpu-next/wayland] Compositor supports drm format: 'AB12(0200000000000a01)'
[   0.056][d][vo/gpu-next/wayland] Compositor supports drm format: 'AB12(0200000000000901)'
[   0.056][d][vo/gpu-next/wayland] Compositor supports drm format: 'AB12(0000000000000000)'
[   0.056][d][vo/gpu-next/wayland] Compositor supports drm format: 'AB12(00ffffffffffffff)'
[   0.056][d][vo/gpu-next/wayland] Compositor supports drm format: 'RG16(020000001876bb03)'
[   0.056][d][vo/gpu-next/wayland] Compositor supports drm format: 'RG16(0200000018601b03)'
[   0.056][d][vo/gpu-next/wayland] Compositor supports drm format: 'RG16(0200000008601603)'
[   0.056][d][vo/gpu-next/wayland] Compositor supports drm format: 'RG16(0200000000000a01)'
[   0.056][d][vo/gpu-next/wayland] Compositor supports drm format: 'RG16(0200000000000901)'
[   0.056][d][vo/gpu-next/wayland] Compositor supports drm format: 'RG16(0000000000000000)'
[   0.056][d][vo/gpu-next/wayland] Compositor supports drm format: 'RG16(00ffffffffffffff)'
[   0.056][d][vo/gpu-next/wayland] Compositor supports drm format: 'R8  (020000001876bb03)'
[   0.056][d][vo/gpu-next/wayland] Compositor supports drm format: 'R8  (0200000018601b03)'
[   0.056][d][vo/gpu-next/wayland] Compositor supports drm format: 'R8  (0200000008601603)'
[   0.056][d][vo/gpu-next/wayland] Compositor supports drm format: 'R8  (0200000000000a01)'
[   0.056][d][vo/gpu-next/wayland] Compositor supports drm format: 'R8  (0200000000000901)'
[   0.056][d][vo/gpu-next/wayland] Compositor supports drm format: 'R8  (0000000000000000)'
[   0.056][d][vo/gpu-next/wayland] Compositor supports drm format: 'R8  (00ffffffffffffff)'
[   0.056][d][vo/gpu-next/wayland] Compositor supports drm format: 'R16 (020000001876bb03)'
[   0.056][d][vo/gpu-next/wayland] Compositor supports drm format: 'R16 (0200000018601b03)'
[   0.056][d][vo/gpu-next/wayland] Compositor supports drm format: 'R16 (0200000008601603)'
[   0.056][d][vo/gpu-next/wayland] Compositor supports drm format: 'R16 (0200000000000a01)'
[   0.056][d][vo/gpu-next/wayland] Compositor supports drm format: 'R16 (0200000000000901)'
[   0.056][d][vo/gpu-next/wayland] Compositor supports drm format: 'R16 (0000000000000000)'
[   0.056][d][vo/gpu-next/wayland] Compositor supports drm format: 'R16 (00ffffffffffffff)'
[   0.056][d][vo/gpu-next/wayland] Compositor supports drm format: 'GR88(020000001876bb03)'
[   0.056][d][vo/gpu-next/wayland] Compositor supports drm format: 'GR88(0200000018601b03)'
[   0.056][d][vo/gpu-next/wayland] Compositor supports drm format: 'GR88(0200000008601603)'
[   0.056][d][vo/gpu-next/wayland] Compositor supports drm format: 'GR88(0200000000000a01)'
[   0.056][d][vo/gpu-next/wayland] Compositor supports drm format: 'GR88(0200000000000901)'
[   0.056][d][vo/gpu-next/wayland] Compositor supports drm format: 'GR88(0000000000000000)'
[   0.056][d][vo/gpu-next/wayland] Compositor supports drm format: 'GR88(00ffffffffffffff)'
[   0.056][d][vo/gpu-next/wayland] Compositor supports drm format: 'GR32(020000001876bb03)'
[   0.056][d][vo/gpu-next/wayland] Compositor supports drm format: 'GR32(0200000018767b03)'
[   0.056][d][vo/gpu-next/wayland] Compositor supports drm format: 'GR32(0200000018737b03)'
[   0.056][d][vo/gpu-next/wayland] Compositor supports drm format: 'GR32(0200000018601b03)'
[   0.056][d][vo/gpu-next/wayland] Compositor supports drm format: 'GR32(0200000008601603)'
[   0.056][d][vo/gpu-next/wayland] Compositor supports drm format: 'GR32(0200000000000901)'
[   0.056][d][vo/gpu-next/wayland] Compositor supports drm format: 'GR32(0000000000000000)'
[   0.056][d][vo/gpu-next/wayland] Compositor supports drm format: 'GR32(00ffffffffffffff)'
[   0.056][d][vo/gpu-next/wayland] Compositor supports drm format: 'R  H(020000001876bb03)'
[   0.056][d][vo/gpu-next/wayland] Compositor supports drm format: 'R  H(0200000018601b03)'
[   0.056][d][vo/gpu-next/wayland] Compositor supports drm format: 'R  H(0200000008601603)'
[   0.056][d][vo/gpu-next/wayland] Compositor supports drm format: 'R  H(0200000000000a01)'
[   0.056][d][vo/gpu-next/wayland] Compositor supports drm format: 'R  H(0200000000000901)'
[   0.056][d][vo/gpu-next/wayland] Compositor supports drm format: 'R  H(0000000000000000)'
[   0.056][d][vo/gpu-next/wayland] Compositor supports drm format: 'R  H(00ffffffffffffff)'
[   0.056][d][vo/gpu-next/wayland] Compositor supports drm format: 'R  F(020000001876bb03)'
[   0.056][d][vo/gpu-next/wayland] Compositor supports drm format: 'R  F(0200000018767b03)'
[   0.056][d][vo/gpu-next/wayland] Compositor supports drm format: 'R  F(0200000018737b03)'
[   0.056][d][vo/gpu-next/wayland] Compositor supports drm format: 'R  F(0200000018601b03)'
[   0.056][d][vo/gpu-next/wayland] Compositor supports drm format: 'R  F(0200000008601603)'
[   0.056][d][vo/gpu-next/wayland] Compositor supports drm format: 'R  F(0200000000000901)'
[   0.056][d][vo/gpu-next/wayland] Compositor supports drm format: 'R  F(0000000000000000)'
[   0.056][d][vo/gpu-next/wayland] Compositor supports drm format: 'R  F(00ffffffffffffff)'
[   0.056][d][vo/gpu-next/wayland] Compositor supports drm format: 'GR H(020000001876bb03)'
[   0.056][d][vo/gpu-next/wayland] Compositor supports drm format: 'GR H(0200000018767b03)'
[   0.056][d][vo/gpu-next/wayland] Compositor supports drm format: 'GR H(0200000018737b03)'
[   0.056][d][vo/gpu-next/wayland] Compositor supports drm format: 'GR H(0200000018601b03)'
[   0.056][d][vo/gpu-next/wayland] Compositor supports drm format: 'GR H(0200000008601603)'
[   0.056][d][vo/gpu-next/wayland] Compositor supports drm format: 'GR H(0200000000000901)'
[   0.056][d][vo/gpu-next/wayland] Compositor supports drm format: 'GR H(0000000000000000)'
[   0.056][d][vo/gpu-next/wayland] Compositor supports drm format: 'GR H(00ffffffffffffff)'
[   0.056][d][vo/gpu-next/wayland] Compositor supports drm format: 'GR F(020000001876bb03)'
[   0.056][d][vo/gpu-next/wayland] Compositor supports drm format: 'GR F(0200000018601b03)'
[   0.056][d][vo/gpu-next/wayland] Compositor supports drm format: 'GR F(0200000008601603)'
[   0.056][d][vo/gpu-next/wayland] Compositor supports drm format: 'GR F(0200000000000a01)'
[   0.056][d][vo/gpu-next/wayland] Compositor supports drm format: 'GR F(0200000000000901)'
[   0.056][d][vo/gpu-next/wayland] Compositor supports drm format: 'GR F(0000000000000000)'
[   0.056][d][vo/gpu-next/wayland] Compositor supports drm format: 'GR F(00ffffffffffffff)'
[   0.056][d][vo/gpu-next/wayland] Compositor supports drm format: 'AB8F(0000000000000000)'
[   0.056][d][vo/gpu-next/wayland] Compositor supports drm format: 'AB8F(00ffffffffffffff)'
[   0.056][d][vo/gpu-next/wayland] Compositor supports drm format: 'YUV9(0200000018601b03)'
[   0.056][d][vo/gpu-next/wayland] Compositor supports drm format: 'YUV9(0200000008601603)'
[   0.056][d][vo/gpu-next/wayland] Compositor supports drm format: 'YUV9(0200000000000a01)'
[   0.056][d][vo/gpu-next/wayland] Compositor supports drm format: 'YUV9(0200000000000901)'
[   0.056][d][vo/gpu-next/wayland] Compositor supports drm format: 'YUV9(0000000000000000)'
[   0.056][d][vo/gpu-next/wayland] Compositor supports drm format: 'YUV9(00ffffffffffffff)'
[   0.056][d][vo/gpu-next/wayland] Compositor supports drm format: 'YU11(0200000018601b03)'
[   0.056][d][vo/gpu-next/wayland] Compositor supports drm format: 'YU11(0200000008601603)'
[   0.056][d][vo/gpu-next/wayland] Compositor supports drm format: 'YU11(0200000000000a01)'
[   0.056][d][vo/gpu-next/wayland] Compositor supports drm format: 'YU11(0200000000000901)'
[   0.056][d][vo/gpu-next/wayland] Compositor supports drm format: 'YU11(0000000000000000)'
[   0.056][d][vo/gpu-next/wayland] Compositor supports drm format: 'YU11(00ffffffffffffff)'
[   0.056][d][vo/gpu-next/wayland] Compositor supports drm format: 'YU12(0200000018601b03)'
[   0.056][d][vo/gpu-next/wayland] Compositor supports drm format: 'YU12(0200000008601603)'
[   0.056][d][vo/gpu-next/wayland] Compositor supports drm format: 'YU12(0200000000000a01)'
[   0.056][d][vo/gpu-next/wayland] Compositor supports drm format: 'YU12(0200000000000901)'
[   0.056][d][vo/gpu-next/wayland] Compositor supports drm format: 'YU12(0000000000000000)'
[   0.056][d][vo/gpu-next/wayland] Compositor supports drm format: 'YU12(00ffffffffffffff)'
[   0.056][d][vo/gpu-next/wayland] Compositor supports drm format: 'YU16(0200000018601b03)'
[   0.056][d][vo/gpu-next/wayland] Compositor supports drm format: 'YU16(0200000008601603)'
[   0.056][d][vo/gpu-next/wayland] Compositor supports drm format: 'YU16(0200000000000a01)'
[   0.056][d][vo/gpu-next/wayland] Compositor supports drm format: 'YU16(0200000000000901)'
[   0.056][d][vo/gpu-next/wayland] Compositor supports drm format: 'YU16(0000000000000000)'
[   0.056][d][vo/gpu-next/wayland] Compositor supports drm format: 'YU16(00ffffffffffffff)'
[   0.056][d][vo/gpu-next/wayland] Compositor supports drm format: 'YU24(0200000018601b03)'
[   0.056][d][vo/gpu-next/wayland] Compositor supports drm format: 'YU24(0200000008601603)'
[   0.056][d][vo/gpu-next/wayland] Compositor supports drm format: 'YU24(0200000000000a01)'
[   0.056][d][vo/gpu-next/wayland] Compositor supports drm format: 'YU24(0200000000000901)'
[   0.056][d][vo/gpu-next/wayland] Compositor supports drm format: 'YU24(0000000000000000)'
[   0.056][d][vo/gpu-next/wayland] Compositor supports drm format: 'YU24(00ffffffffffffff)'
[   0.056][d][vo/gpu-next/wayland] Compositor supports drm format: 'YVU9(0200000018601b03)'
[   0.056][d][vo/gpu-next/wayland] Compositor supports drm format: 'YVU9(0200000008601603)'
[   0.056][d][vo/gpu-next/wayland] Compositor supports drm format: 'YVU9(0200000000000a01)'
[   0.056][d][vo/gpu-next/wayland] Compositor supports drm format: 'YVU9(0200000000000901)'
[   0.056][d][vo/gpu-next/wayland] Compositor supports drm format: 'YVU9(0000000000000000)'
[   0.056][d][vo/gpu-next/wayland] Compositor supports drm format: 'YVU9(00ffffffffffffff)'
[   0.056][d][vo/gpu-next/wayland] Compositor supports drm format: 'YV11(0200000018601b03)'
[   0.056][d][vo/gpu-next/wayland] Compositor supports drm format: 'YV11(0200000008601603)'
[   0.056][d][vo/gpu-next/wayland] Compositor supports drm format: 'YV11(0200000000000a01)'
[   0.056][d][vo/gpu-next/wayland] Compositor supports drm format: 'YV11(0200000000000901)'
[   0.056][d][vo/gpu-next/wayland] Compositor supports drm format: 'YV11(0000000000000000)'
[   0.056][d][vo/gpu-next/wayland] Compositor supports drm format: 'YV11(00ffffffffffffff)'
[   0.056][d][vo/gpu-next/wayland] Compositor supports drm format: 'YV12(0200000018601b03)'
[   0.056][d][vo/gpu-next/wayland] Compositor supports drm format: 'YV12(0200000008601603)'
[   0.056][d][vo/gpu-next/wayland] Compositor supports drm format: 'YV12(0200000000000a01)'
[   0.056][d][vo/gpu-next/wayland] Compositor supports drm format: 'YV12(0200000000000901)'
[   0.056][d][vo/gpu-next/wayland] Compositor supports drm format: 'YV12(0000000000000000)'
[   0.056][d][vo/gpu-next/wayland] Compositor supports drm format: 'YV12(00ffffffffffffff)'
[   0.056][d][vo/gpu-next/wayland] Compositor supports drm format: 'YV16(0200000018601b03)'
[   0.056][d][vo/gpu-next/wayland] Compositor supports drm format: 'YV16(0200000008601603)'
[   0.056][d][vo/gpu-next/wayland] Compositor supports drm format: 'YV16(0200000000000a01)'
[   0.056][d][vo/gpu-next/wayland] Compositor supports drm format: 'YV16(0200000000000901)'
[   0.056][d][vo/gpu-next/wayland] Compositor supports drm format: 'YV16(0000000000000000)'
[   0.056][d][vo/gpu-next/wayland] Compositor supports drm format: 'YV16(00ffffffffffffff)'
[   0.056][d][vo/gpu-next/wayland] Compositor supports drm format: 'YV24(0200000018601b03)'
[   0.056][d][vo/gpu-next/wayland] Compositor supports drm format: 'YV24(0200000008601603)'
[   0.056][d][vo/gpu-next/wayland] Compositor supports drm format: 'YV24(0200000000000a01)'
[   0.056][d][vo/gpu-next/wayland] Compositor supports drm format: 'YV24(0200000000000901)'
[   0.056][d][vo/gpu-next/wayland] Compositor supports drm format: 'YV24(0000000000000000)'
[   0.056][d][vo/gpu-next/wayland] Compositor supports drm format: 'YV24(00ffffffffffffff)'
[   0.056][d][vo/gpu-next/wayland] Compositor supports drm format: 'S010(0200000018601b03)'
[   0.056][d][vo/gpu-next/wayland] Compositor supports drm format: 'S010(0200000008601603)'
[   0.056][d][vo/gpu-next/wayland] Compositor supports drm format: 'S010(0200000000000a01)'
[   0.056][d][vo/gpu-next/wayland] Compositor supports drm format: 'S010(0200000000000901)'
[   0.056][d][vo/gpu-next/wayland] Compositor supports drm format: 'S010(0000000000000000)'
[   0.056][d][vo/gpu-next/wayland] Compositor supports drm format: 'S010(00ffffffffffffff)'
[   0.056][d][vo/gpu-next/wayland] Compositor supports drm format: 'S210(0200000018601b03)'
[   0.056][d][vo/gpu-next/wayland] Compositor supports drm format: 'S210(0200000008601603)'
[   0.056][d][vo/gpu-next/wayland] Compositor supports drm format: 'S210(0200000000000a01)'
[   0.056][d][vo/gpu-next/wayland] Compositor supports drm format: 'S210(0200000000000901)'
[   0.056][d][vo/gpu-next/wayland] Compositor supports drm format: 'S210(0000000000000000)'
[   0.056][d][vo/gpu-next/wayland] Compositor supports drm format: 'S210(00ffffffffffffff)'
[   0.056][d][vo/gpu-next/wayland] Compositor supports drm format: 'S410(0200000018601b03)'
[   0.056][d][vo/gpu-next/wayland] Compositor supports drm format: 'S410(0200000008601603)'
[   0.056][d][vo/gpu-next/wayland] Compositor supports drm format: 'S410(0200000000000a01)'
[   0.056][d][vo/gpu-next/wayland] Compositor supports drm format: 'S410(0200000000000901)'
[   0.056][d][vo/gpu-next/wayland] Compositor supports drm format: 'S410(0000000000000000)'
[   0.056][d][vo/gpu-next/wayland] Compositor supports drm format: 'S410(00ffffffffffffff)'
[   0.056][d][vo/gpu-next/wayland] Compositor supports drm format: 'S012(0200000018601b03)'
[   0.056][d][vo/gpu-next/wayland] Compositor supports drm format: 'S012(0200000008601603)'
[   0.056][d][vo/gpu-next/wayland] Compositor supports drm format: 'S012(0200000000000a01)'
[   0.056][d][vo/gpu-next/wayland] Compositor supports drm format: 'S012(0200000000000901)'
[   0.056][d][vo/gpu-next/wayland] Compositor supports drm format: 'S012(0000000000000000)'
[   0.056][d][vo/gpu-next/wayland] Compositor supports drm format: 'S012(00ffffffffffffff)'
[   0.056][d][vo/gpu-next/wayland] Compositor supports drm format: 'S212(0200000018601b03)'
[   0.056][d][vo/gpu-next/wayland] Compositor supports drm format: 'S212(0200000008601603)'
[   0.056][d][vo/gpu-next/wayland] Compositor supports drm format: 'S212(0200000000000a01)'
[   0.056][d][vo/gpu-next/wayland] Compositor supports drm format: 'S212(0200000000000901)'
[   0.056][d][vo/gpu-next/wayland] Compositor supports drm format: 'S212(0000000000000000)'
[   0.056][d][vo/gpu-next/wayland] Compositor supports drm format: 'S212(00ffffffffffffff)'
[   0.056][d][vo/gpu-next/wayland] Compositor supports drm format: 'S412(0200000018601b03)'
[   0.056][d][vo/gpu-next/wayland] Compositor supports drm format: 'S412(0200000008601603)'
[   0.056][d][vo/gpu-next/wayland] Compositor supports drm format: 'S412(0200000000000a01)'
[   0.056][d][vo/gpu-next/wayland] Compositor supports drm format: 'S412(0200000000000901)'
[   0.056][d][vo/gpu-next/wayland] Compositor supports drm format: 'S412(0000000000000000)'
[   0.056][d][vo/gpu-next/wayland] Compositor supports drm format: 'S412(00ffffffffffffff)'
[   0.056][d][vo/gpu-next/wayland] Compositor supports drm format: 'S016(0200000018601b03)'
[   0.056][d][vo/gpu-next/wayland] Compositor supports drm format: 'S016(0200000008601603)'
[   0.056][d][vo/gpu-next/wayland] Compositor supports drm format: 'S016(0200000000000a01)'
[   0.056][d][vo/gpu-next/wayland] Compositor supports drm format: 'S016(0200000000000901)'
[   0.056][d][vo/gpu-next/wayland] Compositor supports drm format: 'S016(0000000000000000)'
[   0.056][d][vo/gpu-next/wayland] Compositor supports drm format: 'S016(00ffffffffffffff)'
[   0.056][d][vo/gpu-next/wayland] Compositor supports drm format: 'S216(0200000018601b03)'
[   0.056][d][vo/gpu-next/wayland] Compositor supports drm format: 'S216(0200000008601603)'
[   0.056][d][vo/gpu-next/wayland] Compositor supports drm format: 'S216(0200000000000a01)'
[   0.056][d][vo/gpu-next/wayland] Compositor supports drm format: 'S216(0200000000000901)'
[   0.056][d][vo/gpu-next/wayland] Compositor supports drm format: 'S216(0000000000000000)'
[   0.056][d][vo/gpu-next/wayland] Compositor supports drm format: 'S216(00ffffffffffffff)'
[   0.056][d][vo/gpu-next/wayland] Compositor supports drm format: 'S416(0200000018601b03)'
[   0.056][d][vo/gpu-next/wayland] Compositor supports drm format: 'S416(0200000008601603)'
[   0.056][d][vo/gpu-next/wayland] Compositor supports drm format: 'S416(0200000000000a01)'
[   0.056][d][vo/gpu-next/wayland] Compositor supports drm format: 'S416(0200000000000901)'
[   0.056][d][vo/gpu-next/wayland] Compositor supports drm format: 'S416(0000000000000000)'
[   0.056][d][vo/gpu-next/wayland] Compositor supports drm format: 'S416(00ffffffffffffff)'
[   0.056][d][vo/gpu-next/wayland] Compositor supports drm format: 'NV12(0200000018601b03)'
[   0.056][d][vo/gpu-next/wayland] Compositor supports drm format: 'NV12(0200000008601603)'
[   0.056][d][vo/gpu-next/wayland] Compositor supports drm format: 'NV12(0200000000000a01)'
[   0.056][d][vo/gpu-next/wayland] Compositor supports drm format: 'NV12(0200000000000901)'
[   0.056][d][vo/gpu-next/wayland] Compositor supports drm format: 'NV12(0000000000000000)'
[   0.056][d][vo/gpu-next/wayland] Compositor supports drm format: 'NV12(00ffffffffffffff)'
[   0.056][d][vo/gpu-next/wayland] Compositor supports drm format: 'NV21(0200000018601b03)'
[   0.056][d][vo/gpu-next/wayland] Compositor supports drm format: 'NV21(0200000008601603)'
[   0.056][d][vo/gpu-next/wayland] Compositor supports drm format: 'NV21(0200000000000a01)'
[   0.056][d][vo/gpu-next/wayland] Compositor supports drm format: 'NV21(0200000000000901)'
[   0.056][d][vo/gpu-next/wayland] Compositor supports drm format: 'NV21(0000000000000000)'
[   0.056][d][vo/gpu-next/wayland] Compositor supports drm format: 'NV21(00ffffffffffffff)'
[   0.056][d][vo/gpu-next/wayland] Compositor supports drm format: 'P010(0200000018601b03)'
[   0.056][d][vo/gpu-next/wayland] Compositor supports drm format: 'P010(0200000008601603)'
[   0.056][d][vo/gpu-next/wayland] Compositor supports drm format: 'P010(0200000000000a01)'
[   0.056][d][vo/gpu-next/wayland] Compositor supports drm format: 'P010(0200000000000901)'
[   0.056][d][vo/gpu-next/wayland] Compositor supports drm format: 'P010(0000000000000000)'
[   0.056][d][vo/gpu-next/wayland] Compositor supports drm format: 'P010(00ffffffffffffff)'
[   0.056][d][vo/gpu-next/wayland] Compositor supports drm format: 'P012(0200000018601b03)'
[   0.056][d][vo/gpu-next/wayland] Compositor supports drm format: 'P012(0200000008601603)'
[   0.056][d][vo/gpu-next/wayland] Compositor supports drm format: 'P012(0200000000000a01)'
[   0.056][d][vo/gpu-next/wayland] Compositor supports drm format: 'P012(0200000000000901)'
[   0.056][d][vo/gpu-next/wayland] Compositor supports drm format: 'P012(0000000000000000)'
[   0.056][d][vo/gpu-next/wayland] Compositor supports drm format: 'P012(00ffffffffffffff)'
[   0.056][d][vo/gpu-next/wayland] Compositor supports drm format: 'P016(0200000018601b03)'
[   0.056][d][vo/gpu-next/wayland] Compositor supports drm format: 'P016(0200000008601603)'
[   0.056][d][vo/gpu-next/wayland] Compositor supports drm format: 'P016(0200000000000a01)'
[   0.056][d][vo/gpu-next/wayland] Compositor supports drm format: 'P016(0200000000000901)'
[   0.056][d][vo/gpu-next/wayland] Compositor supports drm format: 'P016(0000000000000000)'
[   0.056][d][vo/gpu-next/wayland] Compositor supports drm format: 'P016(00ffffffffffffff)'
[   0.056][d][vo/gpu-next/wayland] Compositor supports drm format: 'P030(0200000018601b03)'
[   0.056][d][vo/gpu-next/wayland] Compositor supports drm format: 'P030(0200000008601603)'
[   0.056][d][vo/gpu-next/wayland] Compositor supports drm format: 'P030(0200000000000a01)'
[   0.056][d][vo/gpu-next/wayland] Compositor supports drm format: 'P030(0200000000000901)'
[   0.056][d][vo/gpu-next/wayland] Compositor supports drm format: 'P030(0000000000000000)'
[   0.056][d][vo/gpu-next/wayland] Compositor supports drm format: 'P030(00ffffffffffffff)'
[   0.056][d][vo/gpu-next/wayland] Compositor supports drm format: 'NV16(0200000018601b03)'
[   0.056][d][vo/gpu-next/wayland] Compositor supports drm format: 'NV16(0200000008601603)'
[   0.056][d][vo/gpu-next/wayland] Compositor supports drm format: 'NV16(0200000000000a01)'
[   0.056][d][vo/gpu-next/wayland] Compositor supports drm format: 'NV16(0200000000000901)'
[   0.056][d][vo/gpu-next/wayland] Compositor supports drm format: 'NV16(0000000000000000)'
[   0.056][d][vo/gpu-next/wayland] Compositor supports drm format: 'NV16(00ffffffffffffff)'
[   0.056][d][vo/gpu-next/wayland] Compositor supports drm format: 'NV61(0200000018601b03)'
[   0.056][d][vo/gpu-next/wayland] Compositor supports drm format: 'NV61(0200000008601603)'
[   0.056][d][vo/gpu-next/wayland] Compositor supports drm format: 'NV61(0200000000000a01)'
[   0.056][d][vo/gpu-next/wayland] Compositor supports drm format: 'NV61(0200000000000901)'
[   0.056][d][vo/gpu-next/wayland] Compositor supports drm format: 'NV61(0000000000000000)'
[   0.056][d][vo/gpu-next/wayland] Compositor supports drm format: 'NV61(00ffffffffffffff)'
[   0.056][d][vo/gpu-next/wayland] Compositor supports drm format: 'NV24(0200000018601b03)'
[   0.056][d][vo/gpu-next/wayland] Compositor supports drm format: 'NV24(0200000008601603)'
[   0.056][d][vo/gpu-next/wayland] Compositor supports drm format: 'NV24(0200000000000a01)'
[   0.056][d][vo/gpu-next/wayland] Compositor supports drm format: 'NV24(0200000000000901)'
[   0.056][d][vo/gpu-next/wayland] Compositor supports drm format: 'NV24(0000000000000000)'
[   0.056][d][vo/gpu-next/wayland] Compositor supports drm format: 'NV24(00ffffffffffffff)'
[   0.056][d][vo/gpu-next/wayland] Compositor supports drm format: 'NV42(0200000018601b03)'
[   0.056][d][vo/gpu-next/wayland] Compositor supports drm format: 'NV42(0200000008601603)'
[   0.056][d][vo/gpu-next/wayland] Compositor supports drm format: 'NV42(0200000000000a01)'
[   0.056][d][vo/gpu-next/wayland] Compositor supports drm format: 'NV42(0200000000000901)'
[   0.056][d][vo/gpu-next/wayland] Compositor supports drm format: 'NV42(0000000000000000)'
[   0.056][d][vo/gpu-next/wayland] Compositor supports drm format: 'NV42(00ffffffffffffff)'
[   0.056][d][vo/gpu-next/wayland] Compositor supports drm format: 'AYUV(020000001876bb03)'
[   0.056][d][vo/gpu-next/wayland] Compositor supports drm format: 'AYUV(0200000018601b03)'
[   0.056][d][vo/gpu-next/wayland] Compositor supports drm format: 'AYUV(0200000008601603)'
[   0.056][d][vo/gpu-next/wayland] Compositor supports drm format: 'AYUV(0200000000000a01)'
[   0.056][d][vo/gpu-next/wayland] Compositor supports drm format: 'AYUV(0200000000000901)'
[   0.056][d][vo/gpu-next/wayland] Compositor supports drm format: 'AYUV(0000000000000000)'
[   0.056][d][vo/gpu-next/wayland] Compositor supports drm format: 'AYUV(00ffffffffffffff)'
[   0.056][d][vo/gpu-next/wayland] Compositor supports drm format: 'XYUV(020000001876bb03)'
[   0.056][d][vo/gpu-next/wayland] Compositor supports drm format: 'XYUV(0200000018601b03)'
[   0.056][d][vo/gpu-next/wayland] Compositor supports drm format: 'XYUV(0200000008601603)'
[   0.056][d][vo/gpu-next/wayland] Compositor supports drm format: 'XYUV(0200000000000a01)'
[   0.056][d][vo/gpu-next/wayland] Compositor supports drm format: 'XYUV(0200000000000901)'
[   0.056][d][vo/gpu-next/wayland] Compositor supports drm format: 'XYUV(0000000000000000)'
[   0.056][d][vo/gpu-next/wayland] Compositor supports drm format: 'XYUV(00ffffffffffffff)'
[   0.056][d][vo/gpu-next/wayland] Compositor supports drm format: 'Y410(020000001876bb03)'
[   0.056][d][vo/gpu-next/wayland] Compositor supports drm format: 'Y410(0200000018767b03)'
[   0.056][d][vo/gpu-next/wayland] Compositor supports drm format: 'Y410(0200000018737b03)'
[   0.056][d][vo/gpu-next/wayland] Compositor supports drm format: 'Y410(0200000018601b03)'
[   0.056][d][vo/gpu-next/wayland] Compositor supports drm format: 'Y410(0200000008601603)'
[   0.056][d][vo/gpu-next/wayland] Compositor supports drm format: 'Y410(0200000000000901)'
[   0.056][d][vo/gpu-next/wayland] Compositor supports drm format: 'Y410(0000000000000000)'
[   0.056][d][vo/gpu-next/wayland] Compositor supports drm format: 'Y410(00ffffffffffffff)'
[   0.056][d][vo/gpu-next/wayland] Compositor supports drm format: 'Y412(020000001876bb03)'
[   0.056][d][vo/gpu-next/wayland] Compositor supports drm format: 'Y412(0200000018601b03)'
[   0.056][d][vo/gpu-next/wayland] Compositor supports drm format: 'Y412(0200000008601603)'
[   0.056][d][vo/gpu-next/wayland] Compositor supports drm format: 'Y412(0200000000000a01)'
[   0.056][d][vo/gpu-next/wayland] Compositor supports drm format: 'Y412(0200000000000901)'
[   0.056][d][vo/gpu-next/wayland] Compositor supports drm format: 'Y412(0000000000000000)'
[   0.056][d][vo/gpu-next/wayland] Compositor supports drm format: 'Y412(00ffffffffffffff)'
[   0.056][d][vo/gpu-next/wayland] Compositor supports drm format: 'Y416(020000001876bb03)'
[   0.056][d][vo/gpu-next/wayland] Compositor supports drm format: 'Y416(0200000018601b03)'
[   0.056][d][vo/gpu-next/wayland] Compositor supports drm format: 'Y416(0200000008601603)'
[   0.056][d][vo/gpu-next/wayland] Compositor supports drm format: 'Y416(0200000000000a01)'
[   0.056][d][vo/gpu-next/wayland] Compositor supports drm format: 'Y416(0200000000000901)'
[   0.056][d][vo/gpu-next/wayland] Compositor supports drm format: 'Y416(0000000000000000)'
[   0.056][d][vo/gpu-next/wayland] Compositor supports drm format: 'Y416(00ffffffffffffff)'
[   0.056][d][vo/gpu-next/wayland] Compositor supports drm format: 'YUYV(0000000000000000)'
[   0.056][d][vo/gpu-next/wayland] Compositor supports drm format: 'YUYV(00ffffffffffffff)'
[   0.056][d][vo/gpu-next/wayland] Compositor supports drm format: 'YVYU(0000000000000000)'
[   0.056][d][vo/gpu-next/wayland] Compositor supports drm format: 'YVYU(00ffffffffffffff)'
[   0.056][d][vo/gpu-next/wayland] Compositor supports drm format: 'UYVY(0000000000000000)'
[   0.056][d][vo/gpu-next/wayland] Compositor supports drm format: 'UYVY(00ffffffffffffff)'
[   0.056][d][vo/gpu-next/wayland] Compositor supports drm format: 'VYUY(0000000000000000)'
[   0.056][d][vo/gpu-next/wayland] Compositor supports drm format: 'VYUY(00ffffffffffffff)'
[   0.056][d][vo/gpu-next/wayland] Compositor supports drm format: 'Y210(020000001876bb03)'
[   0.056][d][vo/gpu-next/wayland] Compositor supports drm format: 'Y210(0200000018601b03)'
[   0.056][d][vo/gpu-next/wayland] Compositor supports drm format: 'Y210(0200000008601603)'
[   0.056][d][vo/gpu-next/wayland] Compositor supports drm format: 'Y210(0200000000000a01)'
[   0.056][d][vo/gpu-next/wayland] Compositor supports drm format: 'Y210(0200000000000901)'
[   0.056][d][vo/gpu-next/wayland] Compositor supports drm format: 'Y210(0000000000000000)'
[   0.056][d][vo/gpu-next/wayland] Compositor supports drm format: 'Y210(00ffffffffffffff)'
[   0.056][d][vo/gpu-next/wayland] Compositor supports drm format: 'Y212(020000001876bb03)'
[   0.056][d][vo/gpu-next/wayland] Compositor supports drm format: 'Y212(0200000018601b03)'
[   0.056][d][vo/gpu-next/wayland] Compositor supports drm format: 'Y212(0200000008601603)'
[   0.056][d][vo/gpu-next/wayland] Compositor supports drm format: 'Y212(0200000000000a01)'
[   0.056][d][vo/gpu-next/wayland] Compositor supports drm format: 'Y212(0200000000000901)'
[   0.056][d][vo/gpu-next/wayland] Compositor supports drm format: 'Y212(0000000000000000)'
[   0.056][d][vo/gpu-next/wayland] Compositor supports drm format: 'Y212(00ffffffffffffff)'
[   0.056][d][vo/gpu-next/wayland] Compositor supports drm format: 'Y216(020000001876bb03)'
[   0.056][d][vo/gpu-next/wayland] Compositor supports drm format: 'Y216(0200000018601b03)'
[   0.056][d][vo/gpu-next/wayland] Compositor supports drm format: 'Y216(0200000008601603)'
[   0.056][d][vo/gpu-next/wayland] Compositor supports drm format: 'Y216(0200000000000a01)'
[   0.056][d][vo/gpu-next/wayland] Compositor supports drm format: 'Y216(0200000000000901)'
[   0.056][d][vo/gpu-next/wayland] Compositor supports drm format: 'Y216(0000000000000000)'
[   0.056][d][vo/gpu-next/wayland] Compositor supports drm format: 'Y216(00ffffffffffffff)'
[   0.056][v][vo/gpu-next/wayland] Registered output Unknown Unknown (HDMI-A-1) (0x38):
[   0.056][v][vo/gpu-next/wayland] 	x: 0px, y: 0px
[   0.056][v][vo/gpu-next/wayland] 	w: 1920px (530mm), h: 1080px (300mm)
[   0.056][v][vo/gpu-next/wayland] 	transform: 0
[   0.056][v][vo/gpu-next/wayland] 	scale: 1.000000
[   0.056][v][vo/gpu-next/wayland] 	Hz: 60.000000
[   0.056][v][vo/gpu-next/wayland] Enabling server decorations
[   0.056][v][vo/gpu-next/libplacebo] Probing for vulkan devices:
[   0.062][d][vo/gpu-next/libplacebo] Spent 5.264 ms enumerating physical devices
[   0.062][v][vo/gpu-next/libplacebo]     GPU 0: AMD Radeon RX 6650 XT (RADV NAVI23) v1.4.354 (discrete)
[   0.062][v][vo/gpu-next/libplacebo]            uuid: 00:00:00:00:03:00:00:00:00:00:00:00:00:00:00:00
[   0.062][v][vo/gpu-next/libplacebo]     GPU 1: llvmpipe (LLVM 21.1.8, 256 bits) v1.4.354 (software)
[   0.062][v][vo/gpu-next/libplacebo]            uuid: 6D:65:73:61:32:36:2E:32:2E:33:00:00:00:00:00:00
[   0.062][d][vo/gpu-next/libplacebo]       -> excluding due to !params->allow_software
[   0.062][v][vo/gpu-next/libplacebo] Vulkan device properties:
[   0.062][v][vo/gpu-next/libplacebo]     Device Name: AMD Radeon RX 6650 XT (RADV NAVI23)
[   0.062][v][vo/gpu-next/libplacebo]     Device ID: 1002:73ef
[   0.062][v][vo/gpu-next/libplacebo]     Device UUID: 00:00:00:00:03:00:00:00:00:00:00:00:00:00:00:00
[   0.062][v][vo/gpu-next/libplacebo]     Driver version: 6802003
[   0.062][v][vo/gpu-next/libplacebo]     API version: 1.4.354
[   0.062][v][vo/gpu-next/libplacebo]     Driver ID: VK_DRIVER_ID_MESA_RADV
[   0.062][v][vo/gpu-next/libplacebo]     Driver name: radv
[   0.062][v][vo/gpu-next/libplacebo]     Driver info: Mesa 26.2.3
[   0.062][v][vo/gpu-next/libplacebo]     Conformance version: 1.4.5.3
[   0.062][v][vo/gpu-next/libplacebo]     Driver UUID: 41:4D:44:2D:4D:45:53:41:2D:44:52:56:00:00:00:00
[   0.062][d][vo/gpu-next/libplacebo] Queue families supported by device:
[   0.062][d][vo/gpu-next/libplacebo]     0: flags 0xf num 1
[   0.062][d][vo/gpu-next/libplacebo]     1: flags 0xe num 4
[   0.062][d][vo/gpu-next/libplacebo]     2: flags 0x20 num 1
[   0.062][d][vo/gpu-next/libplacebo]     3: flags 0x40 num 1
[   0.062][d][vo/gpu-next/libplacebo]     4: flags 0x8 num 1
[   0.062][d][vo/gpu-next/libplacebo] Using graphics queue 0
[   0.062][v][vo/gpu-next/libplacebo] Using async transfer (queue 1)
[   0.062][v][vo/gpu-next/libplacebo] Using async compute (queue 1)
[   0.062][d][vo/gpu-next/libplacebo] Spent 0.020 ms enumerating device extensions
[   0.062][d][vo/gpu-next/libplacebo] Available device extensions:
[   0.062][d][vo/gpu-next/libplacebo]     VK_KHR_8bit_storage
[   0.062][d][vo/gpu-next/libplacebo]     VK_KHR_16bit_storage
[   0.062][d][vo/gpu-next/libplacebo]     VK_KHR_acceleration_structure
[   0.062][d][vo/gpu-next/libplacebo]     VK_KHR_bind_memory2
[   0.062][d][vo/gpu-next/libplacebo]     VK_KHR_buffer_device_address
[   0.062][d][vo/gpu-next/libplacebo]     VK_KHR_calibrated_timestamps
[   0.062][d][vo/gpu-next/libplacebo]     VK_KHR_compute_shader_derivatives
[   0.062][d][vo/gpu-next/libplacebo]     VK_KHR_copy_commands2
[   0.062][d][vo/gpu-next/libplacebo]     VK_KHR_copy_memory_indirect
[   0.062][d][vo/gpu-next/libplacebo]     VK_KHR_create_renderpass2
[   0.062][d][vo/gpu-next/libplacebo]     VK_KHR_dedicated_allocation
[   0.062][d][vo/gpu-next/libplacebo]     VK_KHR_deferred_host_operations
[   0.062][d][vo/gpu-next/libplacebo]     VK_KHR_depth_clamp_zero_one
[   0.062][d][vo/gpu-next/libplacebo]     VK_KHR_depth_stencil_resolve
[   0.062][d][vo/gpu-next/libplacebo]     VK_KHR_descriptor_update_template
[   0.062][d][vo/gpu-next/libplacebo]     VK_KHR_device_address_commands
[   0.062][d][vo/gpu-next/libplacebo]     VK_KHR_device_fault
[   0.062][d][vo/gpu-next/libplacebo]     VK_KHR_device_group
[   0.062][d][vo/gpu-next/libplacebo]     VK_KHR_draw_indirect_count
[   0.062][d][vo/gpu-next/libplacebo]     VK_KHR_driver_properties
[   0.062][d][vo/gpu-next/libplacebo]     VK_KHR_dynamic_rendering
[   0.062][d][vo/gpu-next/libplacebo]     VK_KHR_dynamic_rendering_local_read
[   0.062][d][vo/gpu-next/libplacebo]     VK_KHR_extended_flags
[   0.062][d][vo/gpu-next/libplacebo]     VK_KHR_external_fence
[   0.062][d][vo/gpu-next/libplacebo]     VK_KHR_external_fence_fd
[   0.062][d][vo/gpu-next/libplacebo]     VK_KHR_external_memory
[   0.062][d][vo/gpu-next/libplacebo]     VK_KHR_external_memory_fd
[   0.062][d][vo/gpu-next/libplacebo]     VK_KHR_external_semaphore
[   0.062][d][vo/gpu-next/libplacebo]     VK_KHR_external_semaphore_fd
[   0.062][d][vo/gpu-next/libplacebo]     VK_KHR_format_feature_flags2
[   0.062][d][vo/gpu-next/libplacebo]     VK_KHR_fragment_shader_barycentric
[   0.062][d][vo/gpu-next/libplacebo]     VK_KHR_fragment_shading_rate
[   0.062][d][vo/gpu-next/libplacebo]     VK_KHR_get_memory_requirements2
[   0.062][d][vo/gpu-next/libplacebo]     VK_KHR_global_priority
[   0.062][d][vo/gpu-next/libplacebo]     VK_KHR_image_format_list
[   0.062][d][vo/gpu-next/libplacebo]     VK_KHR_imageless_framebuffer
[   0.062][d][vo/gpu-next/libplacebo]     VK_KHR_incremental_present
[   0.062][d][vo/gpu-next/libplacebo]     VK_KHR_index_type_uint8
[   0.062][d][vo/gpu-next/libplacebo]     VK_KHR_internally_synchronized_queues
[   0.062][d][vo/gpu-next/libplacebo]     VK_KHR_line_rasterization
[   0.062][d][vo/gpu-next/libplacebo]     VK_KHR_load_store_op_none
[   0.062][d][vo/gpu-next/libplacebo]     VK_KHR_maintenance1
[   0.062][d][vo/gpu-next/libplacebo]     VK_KHR_maintenance2
[   0.062][d][vo/gpu-next/libplacebo]     VK_KHR_maintenance3
[   0.062][d][vo/gpu-next/libplacebo]     VK_KHR_maintenance4
[   0.062][d][vo/gpu-next/libplacebo]     VK_KHR_maintenance5
[   0.062][d][vo/gpu-next/libplacebo]     VK_KHR_maintenance6
[   0.062][d][vo/gpu-next/libplacebo]     VK_KHR_maintenance7
[   0.062][d][vo/gpu-next/libplacebo]     VK_KHR_maintenance8
[   0.062][d][vo/gpu-next/libplacebo]     VK_KHR_maintenance9
[   0.062][d][vo/gpu-next/libplacebo]     VK_KHR_maintenance10
[   0.062][d][vo/gpu-next/libplacebo]     VK_KHR_maintenance11
[   0.062][d][vo/gpu-next/libplacebo]     VK_KHR_map_memory2
[   0.062][d][vo/gpu-next/libplacebo]     VK_KHR_multiview
[   0.062][d][vo/gpu-next/libplacebo]     VK_KHR_performance_query
[   0.062][d][vo/gpu-next/libplacebo]     VK_KHR_pipeline_binary
[   0.062][d][vo/gpu-next/libplacebo]     VK_KHR_pipeline_executable_properties
[   0.062][d][vo/gpu-next/libplacebo]     VK_KHR_pipeline_library
[   0.062][d][vo/gpu-next/libplacebo]     VK_KHR_present_id
[   0.062][d][vo/gpu-next/libplacebo]     VK_KHR_present_id2
[   0.062][d][vo/gpu-next/libplacebo]     VK_KHR_present_wait
[   0.062][d][vo/gpu-next/libplacebo]     VK_KHR_present_wait2
[   0.062][d][vo/gpu-next/libplacebo]     VK_KHR_push_descriptor
[   0.062][d][vo/gpu-next/libplacebo]     VK_KHR_ray_query
[   0.062][d][vo/gpu-next/libplacebo]     VK_KHR_ray_tracing_maintenance1
[   0.062][d][vo/gpu-next/libplacebo]     VK_KHR_ray_tracing_pipeline
[   0.062][d][vo/gpu-next/libplacebo]     VK_KHR_ray_tracing_position_fetch
[   0.062][d][vo/gpu-next/libplacebo]     VK_KHR_relaxed_block_layout
[   0.062][d][vo/gpu-next/libplacebo]     VK_KHR_robustness2
[   0.062][d][vo/gpu-next/libplacebo]     VK_KHR_sampler_mirror_clamp_to_edge
[   0.062][d][vo/gpu-next/libplacebo]     VK_KHR_sampler_ycbcr_conversion
[   0.062][d][vo/gpu-next/libplacebo]     VK_KHR_separate_depth_stencil_layouts
[   0.062][d][vo/gpu-next/libplacebo]     VK_KHR_shader_abort
[   0.062][d][vo/gpu-next/libplacebo]     VK_KHR_shader_atomic_int64
[   0.062][d][vo/gpu-next/libplacebo]     VK_KHR_shader_clock
[   0.062][d][vo/gpu-next/libplacebo]     VK_KHR_shader_constant_data
[   0.062][d][vo/gpu-next/libplacebo]     VK_KHR_shader_draw_parameters
[   0.062][d][vo/gpu-next/libplacebo]     VK_KHR_shader_expect_assume
[   0.062][d][vo/gpu-next/libplacebo]     VK_KHR_shader_float16_int8
[   0.062][d][vo/gpu-next/libplacebo]     VK_KHR_shader_float_controls
[   0.062][d][vo/gpu-next/libplacebo]     VK_KHR_shader_float_controls2
[   0.062][d][vo/gpu-next/libplacebo]     VK_KHR_shader_fma
[   0.062][d][vo/gpu-next/libplacebo]     VK_KHR_shader_integer_dot_product
[   0.062][d][vo/gpu-next/libplacebo]     VK_KHR_shader_maximal_reconvergence
[   0.062][d][vo/gpu-next/libplacebo]     VK_KHR_shader_non_semantic_info
[   0.062][d][vo/gpu-next/libplacebo]     VK_KHR_shader_quad_control
[   0.062][d][vo/gpu-next/libplacebo]     VK_KHR_shader_relaxed_extended_instruction
[   0.062][d][vo/gpu-next/libplacebo]     VK_KHR_shader_subgroup_extended_types
[   0.062][d][vo/gpu-next/libplacebo]     VK_KHR_shader_subgroup_rotate
[   0.062][d][vo/gpu-next/libplacebo]     VK_KHR_shader_subgroup_uniform_control_flow
[   0.062][d][vo/gpu-next/libplacebo]     VK_KHR_shader_terminate_invocation
[   0.062][d][vo/gpu-next/libplacebo]     VK_KHR_shader_untyped_pointers
[   0.062][d][vo/gpu-next/libplacebo]     VK_KHR_spirv_1_4
[   0.062][d][vo/gpu-next/libplacebo]     VK_KHR_storage_buffer_storage_class
[   0.062][d][vo/gpu-next/libplacebo]     VK_KHR_swapchain
[   0.062][d][vo/gpu-next/libplacebo]     VK_KHR_swapchain_maintenance1
[   0.062][d][vo/gpu-next/libplacebo]     VK_KHR_swapchain_mutable_format
[   0.062][d][vo/gpu-next/libplacebo]     VK_KHR_synchronization2
[   0.062][d][vo/gpu-next/libplacebo]     VK_KHR_timeline_semaphore
[   0.062][d][vo/gpu-next/libplacebo]     VK_KHR_uniform_buffer_standard_layout
[   0.062][d][vo/gpu-next/libplacebo]     VK_KHR_variable_pointers
[   0.062][d][vo/gpu-next/libplacebo]     VK_KHR_vertex_attribute_divisor
[   0.062][d][vo/gpu-next/libplacebo]     VK_KHR_video_decode_av1
[   0.062][d][vo/gpu-next/libplacebo]     VK_KHR_video_decode_h264
[   0.062][d][vo/gpu-next/libplacebo]     VK_KHR_video_decode_h265
[   0.062][d][vo/gpu-next/libplacebo]     VK_KHR_video_decode_queue
[   0.062][d][vo/gpu-next/libplacebo]     VK_KHR_video_decode_vp9
[   0.062][d][vo/gpu-next/libplacebo]     VK_KHR_video_encode_h264
[   0.062][d][vo/gpu-next/libplacebo]     VK_KHR_video_encode_h265
[   0.062][d][vo/gpu-next/libplacebo]     VK_KHR_video_encode_intra_refresh
[   0.062][d][vo/gpu-next/libplacebo]     VK_KHR_video_encode_quantization_map
[   0.062][d][vo/gpu-next/libplacebo]     VK_KHR_video_encode_queue
[   0.062][d][vo/gpu-next/libplacebo]     VK_KHR_video_maintenance1
[   0.062][d][vo/gpu-next/libplacebo]     VK_KHR_video_maintenance2
[   0.062][d][vo/gpu-next/libplacebo]     VK_KHR_video_queue
[   0.062][d][vo/gpu-next/libplacebo]     VK_KHR_vulkan_memory_model
[   0.062][d][vo/gpu-next/libplacebo]     VK_KHR_workgroup_memory_explicit_layout
[   0.062][d][vo/gpu-next/libplacebo]     VK_KHR_zero_initialize_workgroup_memory
[   0.062][d][vo/gpu-next/libplacebo]     VK_EXT_4444_formats
[   0.062][d][vo/gpu-next/libplacebo]     VK_EXT_attachment_feedback_loop_dynamic_state
[   0.062][d][vo/gpu-next/libplacebo]     VK_EXT_attachment_feedback_loop_layout
[   0.062][d][vo/gpu-next/libplacebo]     VK_EXT_border_color_swizzle
[   0.062][d][vo/gpu-next/libplacebo]     VK_EXT_buffer_device_address
[   0.062][d][vo/gpu-next/libplacebo]     VK_EXT_calibrated_timestamps
[   0.062][d][vo/gpu-next/libplacebo]     VK_EXT_color_write_enable
[   0.062][d][vo/gpu-next/libplacebo]     VK_EXT_conditional_rendering
[   0.062][d][vo/gpu-next/libplacebo]     VK_EXT_conservative_rasterization
[   0.062][d][vo/gpu-next/libplacebo]     VK_EXT_custom_border_color
[   0.062][d][vo/gpu-next/libplacebo]     VK_EXT_custom_resolve
[   0.062][d][vo/gpu-next/libplacebo]     VK_EXT_depth_bias_control
[   0.062][d][vo/gpu-next/libplacebo]     VK_EXT_depth_clamp_control
[   0.062][d][vo/gpu-next/libplacebo]     VK_EXT_depth_clamp_zero_one
[   0.062][d][vo/gpu-next/libplacebo]     VK_EXT_depth_clip_control
[   0.062][d][vo/gpu-next/libplacebo]     VK_EXT_depth_clip_enable
[   0.062][d][vo/gpu-next/libplacebo]     VK_EXT_depth_range_unrestricted
[   0.062][d][vo/gpu-next/libplacebo]     VK_EXT_descriptor_buffer
[   0.062][d][vo/gpu-next/libplacebo]     VK_EXT_descriptor_heap
[   0.062][d][vo/gpu-next/libplacebo]     VK_EXT_descriptor_indexing
[   0.062][d][vo/gpu-next/libplacebo]     VK_EXT_device_address_binding_report
[   0.062][d][vo/gpu-next/libplacebo]     VK_EXT_device_fault
[   0.062][d][vo/gpu-next/libplacebo]     VK_EXT_device_generated_commands
[   0.062][d][vo/gpu-next/libplacebo]     VK_EXT_device_memory_report
[   0.062][d][vo/gpu-next/libplacebo]     VK_EXT_discard_rectangles
[   0.062][d][vo/gpu-next/libplacebo]     VK_EXT_display_control
[   0.062][d][vo/gpu-next/libplacebo]     VK_EXT_dynamic_rendering_unused_attachments
[   0.062][d][vo/gpu-next/libplacebo]     VK_EXT_extended_dynamic_state
[   0.062][d][vo/gpu-next/libplacebo]     VK_EXT_extended_dynamic_state2
[   0.062][d][vo/gpu-next/libplacebo]     VK_EXT_extended_dynamic_state3
[   0.062][d][vo/gpu-next/libplacebo]     VK_EXT_external_memory_acquire_unmodified
[   0.062][d][vo/gpu-next/libplacebo]     VK_EXT_external_memory_dma_buf
[   0.062][d][vo/gpu-next/libplacebo]     VK_EXT_external_memory_host
[   0.062][d][vo/gpu-next/libplacebo]     VK_EXT_fragment_shader_interlock
[   0.062][d][vo/gpu-next/libplacebo]     VK_EXT_global_priority
[   0.062][d][vo/gpu-next/libplacebo]     VK_EXT_global_priority_query
[   0.062][d][vo/gpu-next/libplacebo]     VK_EXT_graphics_pipeline_library
[   0.062][d][vo/gpu-next/libplacebo]     VK_EXT_hdr_metadata
[   0.062][d][vo/gpu-next/libplacebo]     VK_EXT_host_image_copy
[   0.062][d][vo/gpu-next/libplacebo]     VK_EXT_host_query_reset
[   0.062][d][vo/gpu-next/libplacebo]     VK_EXT_image_2d_view_of_3d
[   0.062][d][vo/gpu-next/libplacebo]     VK_EXT_image_compression_control
[   0.062][d][vo/gpu-next/libplacebo]     VK_EXT_image_compression_control_swapchain
[   0.062][d][vo/gpu-next/libplacebo]     VK_EXT_image_drm_format_modifier
[   0.062][d][vo/gpu-next/libplacebo]     VK_EXT_image_robustness
[   0.062][d][vo/gpu-next/libplacebo]     VK_EXT_image_sliced_view_of_3d
[   0.062][d][vo/gpu-next/libplacebo]     VK_EXT_image_view_min_lod
[   0.062][d][vo/gpu-next/libplacebo]     VK_EXT_index_type_uint8
[   0.062][d][vo/gpu-next/libplacebo]     VK_EXT_inline_uniform_block
[   0.062][d][vo/gpu-next/libplacebo]     VK_EXT_legacy_vertex_attributes
[   0.062][d][vo/gpu-next/libplacebo]     VK_EXT_line_rasterization
[   0.062][d][vo/gpu-next/libplacebo]     VK_EXT_load_store_op_none
[   0.062][d][vo/gpu-next/libplacebo]     VK_EXT_map_memory_placed
[   0.062][d][vo/gpu-next/libplacebo]     VK_EXT_memory_budget
[   0.062][d][vo/gpu-next/libplacebo]     VK_EXT_memory_priority
[   0.062][d][vo/gpu-next/libplacebo]     VK_EXT_mesh_shader
[   0.062][d][vo/gpu-next/libplacebo]     VK_EXT_multi_draw
[   0.062][d][vo/gpu-next/libplacebo]     VK_EXT_mutable_descriptor_type
[   0.062][d][vo/gpu-next/libplacebo]     VK_EXT_nested_command_buffer
[   0.062][d][vo/gpu-next/libplacebo]     VK_EXT_non_seamless_cube_map
[   0.062][d][vo/gpu-next/libplacebo]     VK_EXT_pci_bus_info
[   0.062][d][vo/gpu-next/libplacebo]     VK_EXT_physical_device_drm
[   0.062][d][vo/gpu-next/libplacebo]     VK_EXT_pipeline_creation_cache_control
[   0.062][d][vo/gpu-next/libplacebo]     VK_EXT_pipeline_creation_feedback
[   0.062][d][vo/gpu-next/libplacebo]     VK_EXT_pipeline_library_group_handles
[   0.062][d][vo/gpu-next/libplacebo]     VK_EXT_pipeline_robustness
[   0.062][d][vo/gpu-next/libplacebo]     VK_EXT_post_depth_coverage
[   0.062][d][vo/gpu-next/libplacebo]     VK_EXT_present_timing
[   0.062][d][vo/gpu-next/libplacebo]     VK_EXT_primitive_restart_index
[   0.062][d][vo/gpu-next/libplacebo]     VK_EXT_primitive_topology_list_restart
[   0.062][d][vo/gpu-next/libplacebo]     VK_EXT_primitives_generated_query
[   0.062][d][vo/gpu-next/libplacebo]     VK_EXT_private_data
[   0.062][d][vo/gpu-next/libplacebo]     VK_EXT_provoking_vertex
[   0.062][d][vo/gpu-next/libplacebo]     VK_EXT_queue_family_foreign
[   0.062][d][vo/gpu-next/libplacebo]     VK_EXT_robustness2
[   0.062][d][vo/gpu-next/libplacebo]     VK_EXT_sample_locations
[   0.062][d][vo/gpu-next/libplacebo]     VK_EXT_sampler_filter_minmax
[   0.062][d][vo/gpu-next/libplacebo]     VK_EXT_scalar_block_layout
[   0.062][d][vo/gpu-next/libplacebo]     VK_EXT_separate_stencil_usage
[   0.062][d][vo/gpu-next/libplacebo]     VK_EXT_shader_atomic_float
[   0.062][d][vo/gpu-next/libplacebo]     VK_EXT_shader_atomic_float2
[   0.062][d][vo/gpu-next/libplacebo]     VK_EXT_shader_demote_to_helper_invocation
[   0.062][d][vo/gpu-next/libplacebo]     VK_EXT_shader_image_atomic_int64
[   0.062][d][vo/gpu-next/libplacebo]     VK_EXT_shader_module_identifier
[   0.062][d][vo/gpu-next/libplacebo]     VK_EXT_shader_object
[   0.062][d][vo/gpu-next/libplacebo]     VK_EXT_shader_replicated_composites
[   0.062][d][vo/gpu-next/libplacebo]     VK_EXT_shader_stencil_export
[   0.062][d][vo/gpu-next/libplacebo]     VK_EXT_shader_subgroup_ballot
[   0.062][d][vo/gpu-next/libplacebo]     VK_EXT_shader_subgroup_vote
[   0.062][d][vo/gpu-next/libplacebo]     VK_EXT_shader_uniform_buffer_unsized_array
[   0.062][d][vo/gpu-next/libplacebo]     VK_EXT_shader_viewport_index_layer
[   0.062][d][vo/gpu-next/libplacebo]     VK_EXT_subgroup_size_control
[   0.062][d][vo/gpu-next/libplacebo]     VK_EXT_swapchain_maintenance1
[   0.062][d][vo/gpu-next/libplacebo]     VK_EXT_texel_buffer_alignment
[   0.062][d][vo/gpu-next/libplacebo]     VK_EXT_tooling_info
[   0.062][d][vo/gpu-next/libplacebo]     VK_EXT_transform_feedback
[   0.062][d][vo/gpu-next/libplacebo]     VK_EXT_vertex_attribute_divisor
[   0.062][d][vo/gpu-next/libplacebo]     VK_EXT_vertex_input_dynamic_state
[   0.062][d][vo/gpu-next/libplacebo]     VK_EXT_ycbcr_2plane_444_formats
[   0.062][d][vo/gpu-next/libplacebo]     VK_EXT_ycbcr_image_arrays
[   0.062][d][vo/gpu-next/libplacebo]     VK_EXT_zero_initialize_device_memory
[   0.062][d][vo/gpu-next/libplacebo]     VK_AMD_buffer_marker
[   0.062][d][vo/gpu-next/libplacebo]     VK_AMD_device_coherent_memory
[   0.062][d][vo/gpu-next/libplacebo]     VK_AMD_draw_indirect_count
[   0.062][d][vo/gpu-next/libplacebo]     VK_AMD_gcn_shader
[   0.062][d][vo/gpu-next/libplacebo]     VK_AMD_gpu_shader_half_float
[   0.062][d][vo/gpu-next/libplacebo]     VK_AMD_gpu_shader_int16
[   0.062][d][vo/gpu-next/libplacebo]     VK_AMD_memory_overallocation_behavior
[   0.062][d][vo/gpu-next/libplacebo]     VK_AMD_mixed_attachment_samples
[   0.062][d][vo/gpu-next/libplacebo]     VK_AMD_shader_ballot
[   0.062][d][vo/gpu-next/libplacebo]     VK_AMD_shader_core_properties
[   0.062][d][vo/gpu-next/libplacebo]     VK_AMD_shader_core_properties2
[   0.062][d][vo/gpu-next/libplacebo]     VK_AMD_shader_early_and_late_fragment_tests
[   0.062][d][vo/gpu-next/libplacebo]     VK_AMD_shader_explicit_vertex_parameter
[   0.062][d][vo/gpu-next/libplacebo]     VK_AMD_shader_fragment_mask
[   0.062][d][vo/gpu-next/libplacebo]     VK_AMD_shader_image_load_store_lod
[   0.062][d][vo/gpu-next/libplacebo]     VK_AMD_shader_trinary_minmax
[   0.062][d][vo/gpu-next/libplacebo]     VK_AMD_texture_gather_bias_lod
[   0.062][d][vo/gpu-next/libplacebo]     VK_GOOGLE_decorate_string
[   0.062][d][vo/gpu-next/libplacebo]     VK_GOOGLE_hlsl_functionality1
[   0.062][d][vo/gpu-next/libplacebo]     VK_GOOGLE_user_type
[   0.062][d][vo/gpu-next/libplacebo]     VK_INTEL_shader_integer_functions2
[   0.062][d][vo/gpu-next/libplacebo]     VK_MESA_image_alignment_control
[   0.062][d][vo/gpu-next/libplacebo]     VK_NV_compute_shader_derivatives
[   0.062][d][vo/gpu-next/libplacebo]     VK_VALVE_mutable_descriptor_type
[   0.062][d][vo/gpu-next/libplacebo]     VK_VALVE_shader_mixed_float_dot_product
[   0.062][d][vo/gpu-next/libplacebo]     VK_VALVE_video_encode_rgb_conversion
[   0.062][v][vo/gpu-next/libplacebo] Creating vulkan device with extensions:
[   0.062][v][vo/gpu-next/libplacebo]     VK_KHR_swapchain
[   0.062][v][vo/gpu-next/libplacebo]     VK_KHR_swapchain
[   0.062][v][vo/gpu-next/libplacebo]     VK_KHR_external_memory_fd
[   0.062][v][vo/gpu-next/libplacebo]     VK_EXT_external_memory_dma_buf
[   0.062][v][vo/gpu-next/libplacebo]     VK_EXT_external_memory_host
[   0.062][v][vo/gpu-next/libplacebo]     VK_KHR_external_semaphore_fd
[   0.062][v][vo/gpu-next/libplacebo]     VK_EXT_pci_bus_info
[   0.062][v][vo/gpu-next/libplacebo]     VK_EXT_hdr_metadata
[   0.062][v][vo/gpu-next/libplacebo]     VK_EXT_image_drm_format_modifier
[   0.062][v][vo/gpu-next/libplacebo]     VK_KHR_swapchain_maintenance1
[   0.062][v][vo/gpu-next/libplacebo]     VK_EXT_swapchain_maintenance1
[   0.062][v][vo/gpu-next/libplacebo]     VK_EXT_descriptor_buffer
[   0.062][v][vo/gpu-next/libplacebo]     VK_EXT_shader_atomic_float
[   0.062][v][vo/gpu-next/libplacebo]     VK_KHR_dynamic_rendering
[   0.062][v][vo/gpu-next/libplacebo]     VK_KHR_video_decode_queue
[   0.062][v][vo/gpu-next/libplacebo]     VK_KHR_video_decode_h264
[   0.062][v][vo/gpu-next/libplacebo]     VK_KHR_video_decode_h265
[   0.062][v][vo/gpu-next/libplacebo]     VK_KHR_video_queue
[   0.062][v][vo/gpu-next/libplacebo]     VK_KHR_zero_initialize_workgroup_memory
[   0.062][v][vo/gpu-next/libplacebo]     VK_EXT_shader_object
[   0.062][v][vo/gpu-next/libplacebo]     VK_KHR_video_maintenance1
[   0.062][v][vo/gpu-next/libplacebo]     VK_KHR_shader_expect_assume
[   0.062][v][vo/gpu-next/libplacebo]     VK_KHR_shader_subgroup_rotate
[   0.062][v][vo/gpu-next/libplacebo]     VK_KHR_video_decode_av1
[   0.062][v][vo/gpu-next/libplacebo]     VK_KHR_shader_relaxed_extended_instruction
[   0.062][v][vo/gpu-next/libplacebo]     VK_KHR_video_maintenance2
[   0.062][v][vo/gpu-next/libplacebo]     VK_KHR_video_decode_vp9
[   0.065][d][vo/gpu-next/libplacebo] Spent 2.394 ms creating vulkan device
[   0.065][d][vo/gpu-next/libplacebo] Restricting QF 1 from 4 queues to 1
[   0.065][v][vo/gpu-next/libplacebo] Memory heaps supported by device:
[   0.065][v][vo/gpu-next/libplacebo]     0: flags 0x0 size 7906M
[   0.065][v][vo/gpu-next/libplacebo]     1: flags 0x1 size 8176M
[   0.065][d][vo/gpu-next/libplacebo] Memory types supported by device:
[   0.065][d][vo/gpu-next/libplacebo]     0: flags 0x1 heap 1
[   0.065][d][vo/gpu-next/libplacebo]     1: flags 0x1 heap 1
[   0.065][d][vo/gpu-next/libplacebo]     2: flags 0x6 heap 0
[   0.065][d][vo/gpu-next/libplacebo]     3: flags 0x7 heap 1
[   0.065][d][vo/gpu-next/libplacebo]     4: flags 0x7 heap 1
[   0.065][d][vo/gpu-next/libplacebo]     5: flags 0xe heap 0
[   0.065][d][vo/gpu-next/libplacebo]     6: flags 0xe heap 0
[   0.065][d][vo/gpu-next/libplacebo]     7: flags 0xc1 heap 1
[   0.065][d][vo/gpu-next/libplacebo]     8: flags 0xc6 heap 0
[   0.065][d][vo/gpu-next/libplacebo]     9: flags 0xc7 heap 1
[   0.065][d][vo/gpu-next/libplacebo]     10: flags 0xce heap 0
[   0.065][v][vo/gpu-next/libplacebo] Memory summary:     0 used     0 res     0 alloc, efficiency 100.00%, utilization 100.00%, max page:  511M
[   0.065][v][vo/gpu-next/libplacebo] shaderc SPIR-V version 1.6 rev 1
[   0.065][v][vo/gpu-next/libplacebo] Initialized SPIR-V compiler 'shaderc'
[   0.065][d][vo/gpu-next/libplacebo] Handle type VK_EXTERNAL_MEMORY_HANDLE_TYPE_HOST_ALLOCATION_BIT_EXT (0x10) is not exportable
[   0.065][d][vo/gpu-next/libplacebo] Handle type VK_EXTERNAL_MEMORY_HANDLE_TYPE_HOST_ALLOCATION_BIT_EXT (0x10) is not exportable
[   0.065][d][vo/gpu-next/libplacebo] DRM format modifier AMD 0x18601b03 of format r8 supports fewer caps (0x18001dd83) than optimal tiling (0x80040018001dd83), may result in limited capability!
[   0.065][d][vo/gpu-next/libplacebo] DRM format modifier AMD 0x8601603 of format r8 supports fewer caps (0x18001dd83) than optimal tiling (0x80040018001dd83), may result in limited capability!
[   0.065][d][vo/gpu-next/libplacebo] DRM format modifier AMD 0xa01 of format r8 supports fewer caps (0x18001dd83) than optimal tiling (0x80040018001dd83), may result in limited capability!
[   0.065][d][vo/gpu-next/libplacebo] DRM format modifier AMD 0x901 of format r8 supports fewer caps (0x18001dd83) than optimal tiling (0x80040018001dd83), may result in limited capability!
[   0.065][d][vo/gpu-next/libplacebo] DRM format modifier LINEAR of format r8 supports fewer caps (0x18001dd83) than optimal tiling (0x80040018001dd83), may result in limited capability!
[   0.065][d][vo/gpu-next/libplacebo] DRM format modifier AMD 0x18601b03 of format rg8 supports fewer caps (0x18001dd83) than optimal tiling (0x80040018001dd83), may result in limited capability!
[   0.065][d][vo/gpu-next/libplacebo] DRM format modifier AMD 0x8601603 of format rg8 supports fewer caps (0x18001dd83) than optimal tiling (0x80040018001dd83), may result in limited capability!
[   0.065][d][vo/gpu-next/libplacebo] DRM format modifier AMD 0xa01 of format rg8 supports fewer caps (0x18001dd83) than optimal tiling (0x80040018001dd83), may result in limited capability!
[   0.065][d][vo/gpu-next/libplacebo] DRM format modifier AMD 0x901 of format rg8 supports fewer caps (0x18001dd83) than optimal tiling (0x80040018001dd83), may result in limited capability!
[   0.065][d][vo/gpu-next/libplacebo] DRM format modifier LINEAR of format rg8 supports fewer caps (0x18001dd83) than optimal tiling (0x80040018001dd83), may result in limited capability!
[   0.065][d][vo/gpu-next/libplacebo] DRM format modifier AMD 0x18601b03 of format rgb8 supports fewer caps (0x18001dd83) than optimal tiling (0x80040018001dd83), may result in limited capability!
[   0.065][d][vo/gpu-next/libplacebo] DRM format modifier AMD 0x8601603 of format rgb8 supports fewer caps (0x18001dd83) than optimal tiling (0x80040018001dd83), may result in limited capability!
[   0.065][d][vo/gpu-next/libplacebo] DRM format modifier AMD 0x901 of format rgb8 supports fewer caps (0x18001dd83) than optimal tiling (0x80040018001dd83), may result in limited capability!
[   0.065][d][vo/gpu-next/libplacebo] DRM format modifier LINEAR of format rgb8 supports fewer caps (0x18001dd83) than optimal tiling (0x80040018001dd83), may result in limited capability!
[   0.065][d][vo/gpu-next/libplacebo] DRM format modifier AMD 0x18601b03 of format rgba8 supports fewer caps (0x18001dd83) than optimal tiling (0x80040018001dd83), may result in limited capability!
[   0.065][d][vo/gpu-next/libplacebo] DRM format modifier AMD 0x8601603 of format rgba8 supports fewer caps (0x18001dd83) than optimal tiling (0x80040018001dd83), may result in limited capability!
[   0.065][d][vo/gpu-next/libplacebo] DRM format modifier AMD 0x901 of format rgba8 supports fewer caps (0x18001dd83) than optimal tiling (0x80040018001dd83), may result in limited capability!
[   0.065][d][vo/gpu-next/libplacebo] DRM format modifier LINEAR of format rgba8 supports fewer caps (0x18001dd83) than optimal tiling (0x80040018001dd83), may result in limited capability!
[   0.065][d][vo/gpu-next/libplacebo] DRM format modifier AMD 0x18601b03 of format r16 supports fewer caps (0x18001dd83) than optimal tiling (0x80040018001dd83), may result in limited capability!
[   0.065][d][vo/gpu-next/libplacebo] DRM format modifier AMD 0x8601603 of format r16 supports fewer caps (0x18001dd83) than optimal tiling (0x80040018001dd83), may result in limited capability!
[   0.065][d][vo/gpu-next/libplacebo] DRM format modifier AMD 0xa01 of format r16 supports fewer caps (0x18001dd83) than optimal tiling (0x80040018001dd83), may result in limited capability!
[   0.065][d][vo/gpu-next/libplacebo] DRM format modifier AMD 0x901 of format r16 supports fewer caps (0x18001dd83) than optimal tiling (0x80040018001dd83), may result in limited capability!
[   0.065][d][vo/gpu-next/libplacebo] DRM format modifier LINEAR of format r16 supports fewer caps (0x18001dd83) than optimal tiling (0x80040018001dd83), may result in limited capability!
[   0.065][d][vo/gpu-next/libplacebo] DRM format modifier AMD 0x18601b03 of format rg16 supports fewer caps (0x18001dd83) than optimal tiling (0x80040018001dd83), may result in limited capability!
[   0.065][d][vo/gpu-next/libplacebo] DRM format modifier AMD 0x8601603 of format rg16 supports fewer caps (0x18001dd83) than optimal tiling (0x80040018001dd83), may result in limited capability!
[   0.065][d][vo/gpu-next/libplacebo] DRM format modifier AMD 0x901 of format rg16 supports fewer caps (0x18001dd83) than optimal tiling (0x80040018001dd83), may result in limited capability!
[   0.065][d][vo/gpu-next/libplacebo] DRM format modifier LINEAR of format rg16 supports fewer caps (0x18001dd83) than optimal tiling (0x80040018001dd83), may result in limited capability!
[   0.065][d][vo/gpu-next/libplacebo] DRM format modifier AMD 0x18601b03 of format rgb16 supports fewer caps (0x18001dd83) than optimal tiling (0x80040018001dd83), may result in limited capability!
[   0.065][d][vo/gpu-next/libplacebo] DRM format modifier AMD 0x8601603 of format rgb16 supports fewer caps (0x18001dd83) than optimal tiling (0x80040018001dd83), may result in limited capability!
[   0.065][d][vo/gpu-next/libplacebo] DRM format modifier AMD 0xa01 of format rgb16 supports fewer caps (0x18001dd83) than optimal tiling (0x80040018001dd83), may result in limited capability!
[   0.065][d][vo/gpu-next/libplacebo] DRM format modifier AMD 0x901 of format rgb16 supports fewer caps (0x18001dd83) than optimal tiling (0x80040018001dd83), may result in limited capability!
[   0.065][d][vo/gpu-next/libplacebo] DRM format modifier LINEAR of format rgb16 supports fewer caps (0x18001dd83) than optimal tiling (0x80040018001dd83), may result in limited capability!
[   0.065][d][vo/gpu-next/libplacebo] DRM format modifier AMD 0x18601b03 of format rgba16 supports fewer caps (0x18001dd83) than optimal tiling (0x80040018001dd83), may result in limited capability!
[   0.065][d][vo/gpu-next/libplacebo] DRM format modifier AMD 0x8601603 of format rgba16 supports fewer caps (0x18001dd83) than optimal tiling (0x80040018001dd83), may result in limited capability!
[   0.065][d][vo/gpu-next/libplacebo] DRM format modifier AMD 0xa01 of format rgba16 supports fewer caps (0x18001dd83) than optimal tiling (0x80040018001dd83), may result in limited capability!
[   0.065][d][vo/gpu-next/libplacebo] DRM format modifier AMD 0x901 of format rgba16 supports fewer caps (0x18001dd83) than optimal tiling (0x80040018001dd83), may result in limited capability!
[   0.065][d][vo/gpu-next/libplacebo] DRM format modifier LINEAR of format rgba16 supports fewer caps (0x18001dd83) than optimal tiling (0x80040018001dd83), may result in limited capability!
[   0.065][d][vo/gpu-next/libplacebo] DRM format modifier AMD 0x18601b03 of format r8s supports fewer caps (0x18001dd83) than optimal tiling (0x80040018001dd83), may result in limited capability!
[   0.065][d][vo/gpu-next/libplacebo] DRM format modifier AMD 0x8601603 of format r8s supports fewer caps (0x18001dd83) than optimal tiling (0x80040018001dd83), may result in limited capability!
[   0.065][d][vo/gpu-next/libplacebo] DRM format modifier AMD 0xa01 of format r8s supports fewer caps (0x18001dd83) than optimal tiling (0x80040018001dd83), may result in limited capability!
[   0.065][d][vo/gpu-next/libplacebo] DRM format modifier AMD 0x901 of format r8s supports fewer caps (0x18001dd83) than optimal tiling (0x80040018001dd83), may result in limited capability!
[   0.065][d][vo/gpu-next/libplacebo] DRM format modifier LINEAR of format r8s supports fewer caps (0x18001dd83) than optimal tiling (0x80040018001dd83), may result in limited capability!
[   0.065][d][vo/gpu-next/libplacebo] DRM format modifier AMD 0x18601b03 of format rg8s supports fewer caps (0x18001dd83) than optimal tiling (0x80040018001dd83), may result in limited capability!
[   0.065][d][vo/gpu-next/libplacebo] DRM format modifier AMD 0x8601603 of format rg8s supports fewer caps (0x18001dd83) than optimal tiling (0x80040018001dd83), may result in limited capability!
[   0.065][d][vo/gpu-next/libplacebo] DRM format modifier AMD 0xa01 of format rg8s supports fewer caps (0x18001dd83) than optimal tiling (0x80040018001dd83), may result in limited capability!
[   0.065][d][vo/gpu-next/libplacebo] DRM format modifier AMD 0x901 of format rg8s supports fewer caps (0x18001dd83) than optimal tiling (0x80040018001dd83), may result in limited capability!
[   0.065][d][vo/gpu-next/libplacebo] DRM format modifier LINEAR of format rg8s supports fewer caps (0x18001dd83) than optimal tiling (0x80040018001dd83), may result in limited capability!
[   0.065][d][vo/gpu-next/libplacebo] DRM format modifier AMD 0x18601b03 of format rgba8s supports fewer caps (0x18001dd83) than optimal tiling (0x80040018001dd83), may result in limited capability!
[   0.065][d][vo/gpu-next/libplacebo] DRM format modifier AMD 0x8601603 of format rgba8s supports fewer caps (0x18001dd83) than optimal tiling (0x80040018001dd83), may result in limited capability!
[   0.065][d][vo/gpu-next/libplacebo] DRM format modifier AMD 0x901 of format rgba8s supports fewer caps (0x18001dd83) than optimal tiling (0x80040018001dd83), may result in limited capability!
[   0.065][d][vo/gpu-next/libplacebo] DRM format modifier LINEAR of format rgba8s supports fewer caps (0x18001dd83) than optimal tiling (0x80040018001dd83), may result in limited capability!
[   0.065][d][vo/gpu-next/libplacebo] DRM format modifier AMD 0x18601b03 of format r16s supports fewer caps (0x18001dd83) than optimal tiling (0x80040018001dd83), may result in limited capability!
[   0.065][d][vo/gpu-next/libplacebo] DRM format modifier AMD 0x8601603 of format r16s supports fewer caps (0x18001dd83) than optimal tiling (0x80040018001dd83), may result in limited capability!
[   0.065][d][vo/gpu-next/libplacebo] DRM format modifier AMD 0xa01 of format r16s supports fewer caps (0x18001dd83) than optimal tiling (0x80040018001dd83), may result in limited capability!
[   0.065][d][vo/gpu-next/libplacebo] DRM format modifier AMD 0x901 of format r16s supports fewer caps (0x18001dd83) than optimal tiling (0x80040018001dd83), may result in limited capability!
[   0.065][d][vo/gpu-next/libplacebo] DRM format modifier LINEAR of format r16s supports fewer caps (0x18001dd83) than optimal tiling (0x80040018001dd83), may result in limited capability!
[   0.065][d][vo/gpu-next/libplacebo] DRM format modifier AMD 0x18601b03 of format rg16s supports fewer caps (0x18001dd83) than optimal tiling (0x80040018001dd83), may result in limited capability!
[   0.065][d][vo/gpu-next/libplacebo] DRM format modifier AMD 0x8601603 of format rg16s supports fewer caps (0x18001dd83) than optimal tiling (0x80040018001dd83), may result in limited capability!
[   0.065][d][vo/gpu-next/libplacebo] DRM format modifier AMD 0x901 of format rg16s supports fewer caps (0x18001dd83) than optimal tiling (0x80040018001dd83), may result in limited capability!
[   0.065][d][vo/gpu-next/libplacebo] DRM format modifier LINEAR of format rg16s supports fewer caps (0x18001dd83) than optimal tiling (0x80040018001dd83), may result in limited capability!
[   0.065][d][vo/gpu-next/libplacebo] DRM format modifier AMD 0x18601b03 of format rgba16s supports fewer caps (0x18001dd83) than optimal tiling (0x80040018001dd83), may result in limited capability!
[   0.065][d][vo/gpu-next/libplacebo] DRM format modifier AMD 0x8601603 of format rgba16s supports fewer caps (0x18001dd83) than optimal tiling (0x80040018001dd83), may result in limited capability!
[   0.065][d][vo/gpu-next/libplacebo] DRM format modifier AMD 0xa01 of format rgba16s supports fewer caps (0x18001dd83) than optimal tiling (0x80040018001dd83), may result in limited capability!
[   0.065][d][vo/gpu-next/libplacebo] DRM format modifier AMD 0x901 of format rgba16s supports fewer caps (0x18001dd83) than optimal tiling (0x80040018001dd83), may result in limited capability!
[   0.065][d][vo/gpu-next/libplacebo] DRM format modifier LINEAR of format rgba16s supports fewer caps (0x18001dd83) than optimal tiling (0x80040018001dd83), may result in limited capability!
[   0.065][d][vo/gpu-next/libplacebo] DRM format modifier AMD 0x18601b03 of format r16hf supports fewer caps (0x18001dd83) than optimal tiling (0x80040018001dd83), may result in limited capability!
[   0.065][d][vo/gpu-next/libplacebo] DRM format modifier AMD 0x8601603 of format r16hf supports fewer caps (0x18001dd83) than optimal tiling (0x80040018001dd83), may result in limited capability!
[   0.065][d][vo/gpu-next/libplacebo] DRM format modifier AMD 0xa01 of format r16hf supports fewer caps (0x18001dd83) than optimal tiling (0x80040018001dd83), may result in limited capability!
[   0.065][d][vo/gpu-next/libplacebo] DRM format modifier AMD 0x901 of format r16hf supports fewer caps (0x18001dd83) than optimal tiling (0x80040018001dd83), may result in limited capability!
[   0.065][d][vo/gpu-next/libplacebo] DRM format modifier LINEAR of format r16hf supports fewer caps (0x18001dd83) than optimal tiling (0x80040018001dd83), may result in limited capability!
[   0.065][d][vo/gpu-next/libplacebo] DRM format modifier AMD 0x18601b03 of format rg16hf supports fewer caps (0x18001dd83) than optimal tiling (0x80040018001dd83), may result in limited capability!
[   0.065][d][vo/gpu-next/libplacebo] DRM format modifier AMD 0x8601603 of format rg16hf supports fewer caps (0x18001dd83) than optimal tiling (0x80040018001dd83), may result in limited capability!
[   0.065][d][vo/gpu-next/libplacebo] DRM format modifier AMD 0x901 of format rg16hf supports fewer caps (0x18001dd83) than optimal tiling (0x80040018001dd83), may result in limited capability!
[   0.065][d][vo/gpu-next/libplacebo] DRM format modifier LINEAR of format rg16hf supports fewer caps (0x18001dd83) than optimal tiling (0x80040018001dd83), may result in limited capability!
[   0.065][d][vo/gpu-next/libplacebo] DRM format modifier AMD 0x18601b03 of format rgba16hf supports fewer caps (0x18001dd83) than optimal tiling (0x80040018001dd83), may result in limited capability!
[   0.065][d][vo/gpu-next/libplacebo] DRM format modifier AMD 0x8601603 of format rgba16hf supports fewer caps (0x18001dd83) than optimal tiling (0x80040018001dd83), may result in limited capability!
[   0.065][d][vo/gpu-next/libplacebo] DRM format modifier AMD 0xa01 of format rgba16hf supports fewer caps (0x18001dd83) than optimal tiling (0x80040018001dd83), may result in limited capability!
[   0.065][d][vo/gpu-next/libplacebo] DRM format modifier AMD 0x901 of format rgba16hf supports fewer caps (0x18001dd83) than optimal tiling (0x80040018001dd83), may result in limited capability!
[   0.065][d][vo/gpu-next/libplacebo] DRM format modifier LINEAR of format rgba16hf supports fewer caps (0x18001dd83) than optimal tiling (0x80040018001dd83), may result in limited capability!
[   0.065][d][vo/gpu-next/libplacebo] DRM format modifier AMD 0x18601b03 of format r32f supports fewer caps (0x18001dd87) than optimal tiling (0x80040018001dd87), may result in limited capability!
[   0.065][d][vo/gpu-next/libplacebo] DRM format modifier AMD 0x8601603 of format r32f supports fewer caps (0x18001dd87) than optimal tiling (0x80040018001dd87), may result in limited capability!
[   0.065][d][vo/gpu-next/libplacebo] DRM format modifier AMD 0x901 of format r32f supports fewer caps (0x18001dd87) than optimal tiling (0x80040018001dd87), may result in limited capability!
[   0.065][d][vo/gpu-next/libplacebo] DRM format modifier LINEAR of format r32f supports fewer caps (0x18001dd87) than optimal tiling (0x80040018001dd87), may result in limited capability!
[   0.065][d][vo/gpu-next/libplacebo] DRM format modifier AMD 0x18601b03 of format rg32f supports fewer caps (0x18001dd83) than optimal tiling (0x80040018001dd83), may result in limited capability!
[   0.065][d][vo/gpu-next/libplacebo] DRM format modifier AMD 0x8601603 of format rg32f supports fewer caps (0x18001dd83) than optimal tiling (0x80040018001dd83), may result in limited capability!
[   0.065][d][vo/gpu-next/libplacebo] DRM format modifier AMD 0xa01 of format rg32f supports fewer caps (0x18001dd83) than optimal tiling (0x80040018001dd83), may result in limited capability!
[   0.065][d][vo/gpu-next/libplacebo] DRM format modifier AMD 0x901 of format rg32f supports fewer caps (0x18001dd83) than optimal tiling (0x80040018001dd83), may result in limited capability!
[   0.065][d][vo/gpu-next/libplacebo] DRM format modifier LINEAR of format rg32f supports fewer caps (0x18001dd83) than optimal tiling (0x80040018001dd83), may result in limited capability!
[   0.065][d][vo/gpu-next/libplacebo] DRM format modifier LINEAR of format rgb32f supports fewer caps (0xd001) than optimal tiling (0x800000000000000), may result in limited capability!
[   0.065][d][vo/gpu-next/libplacebo] DRM format modifier LINEAR of format rgba32f supports fewer caps (0x18001dd83) than optimal tiling (0x80040018001dd83), may result in limited capability!
[   0.065][d][vo/gpu-next/libplacebo] DRM format modifier AMD 0x18601b03 of format r16f supports fewer caps (0x18001dd83) than optimal tiling (0x80040018001dd83), may result in limited capability!
[   0.065][d][vo/gpu-next/libplacebo] DRM format modifier AMD 0x8601603 of format r16f supports fewer caps (0x18001dd83) than optimal tiling (0x80040018001dd83), may result in limited capability!
[   0.065][d][vo/gpu-next/libplacebo] DRM format modifier AMD 0xa01 of format r16f supports fewer caps (0x18001dd83) than optimal tiling (0x80040018001dd83), may result in limited capability!
[   0.065][d][vo/gpu-next/libplacebo] DRM format modifier AMD 0x901 of format r16f supports fewer caps (0x18001dd83) than optimal tiling (0x80040018001dd83), may result in limited capability!
[   0.065][d][vo/gpu-next/libplacebo] DRM format modifier LINEAR of format r16f supports fewer caps (0x18001dd83) than optimal tiling (0x80040018001dd83), may result in limited capability!
[   0.065][d][vo/gpu-next/libplacebo] DRM format modifier AMD 0x18601b03 of format rg16f supports fewer caps (0x18001dd83) than optimal tiling (0x80040018001dd83), may result in limited capability!
[   0.065][d][vo/gpu-next/libplacebo] DRM format modifier AMD 0x8601603 of format rg16f supports fewer caps (0x18001dd83) than optimal tiling (0x80040018001dd83), may result in limited capability!
[   0.065][d][vo/gpu-next/libplacebo] DRM format modifier AMD 0x901 of format rg16f supports fewer caps (0x18001dd83) than optimal tiling (0x80040018001dd83), may result in limited capability!
[   0.065][d][vo/gpu-next/libplacebo] DRM format modifier LINEAR of format rg16f supports fewer caps (0x18001dd83) than optimal tiling (0x80040018001dd83), may result in limited capability!
[   0.065][d][vo/gpu-next/libplacebo] DRM format modifier AMD 0x18601b03 of format rgba16f supports fewer caps (0x18001dd83) than optimal tiling (0x80040018001dd83), may result in limited capability!
[   0.065][d][vo/gpu-next/libplacebo] DRM format modifier AMD 0x8601603 of format rgba16f supports fewer caps (0x18001dd83) than optimal tiling (0x80040018001dd83), may result in limited capability!
[   0.065][d][vo/gpu-next/libplacebo] DRM format modifier AMD 0xa01 of format rgba16f supports fewer caps (0x18001dd83) than optimal tiling (0x80040018001dd83), may result in limited capability!
[   0.065][d][vo/gpu-next/libplacebo] DRM format modifier AMD 0x901 of format rgba16f supports fewer caps (0x18001dd83) than optimal tiling (0x80040018001dd83), may result in limited capability!
[   0.065][d][vo/gpu-next/libplacebo] DRM format modifier LINEAR of format rgba16f supports fewer caps (0x18001dd83) than optimal tiling (0x80040018001dd83), may result in limited capability!
[   0.065][d][vo/gpu-next/libplacebo] DRM format modifier AMD 0x18601b03 of format r8u supports fewer caps (0x1c001cc83) than optimal tiling (0x8004001c001cc83), may result in limited capability!
[   0.065][d][vo/gpu-next/libplacebo] DRM format modifier AMD 0x8601603 of format r8u supports fewer caps (0x1c001cc83) than optimal tiling (0x8004001c001cc83), may result in limited capability!
[   0.065][d][vo/gpu-next/libplacebo] DRM format modifier AMD 0xa01 of format r8u supports fewer caps (0x1c001cc83) than optimal tiling (0x8004001c001cc83), may result in limited capability!
[   0.065][d][vo/gpu-next/libplacebo] DRM format modifier AMD 0x901 of format r8u supports fewer caps (0x1c001cc83) than optimal tiling (0x8004001c001cc83), may result in limited capability!
[   0.065][d][vo/gpu-next/libplacebo] DRM format modifier LINEAR of format r8u supports fewer caps (0x18001cc83) than optimal tiling (0x8004001c001cc83), may result in limited capability!
[   0.065][d][vo/gpu-next/libplacebo] DRM format modifier AMD 0x18601b03 of format rg8u supports fewer caps (0x18001cc83) than optimal tiling (0x80040018001cc83), may result in limited capability!
[   0.065][d][vo/gpu-next/libplacebo] DRM format modifier AMD 0x8601603 of format rg8u supports fewer caps (0x18001cc83) than optimal tiling (0x80040018001cc83), may result in limited capability!
[   0.065][d][vo/gpu-next/libplacebo] DRM format modifier AMD 0xa01 of format rg8u supports fewer caps (0x18001cc83) than optimal tiling (0x80040018001cc83), may result in limited capability!
[   0.065][d][vo/gpu-next/libplacebo] DRM format modifier AMD 0x901 of format rg8u supports fewer caps (0x18001cc83) than optimal tiling (0x80040018001cc83), may result in limited capability!
[   0.065][d][vo/gpu-next/libplacebo] DRM format modifier LINEAR of format rg8u supports fewer caps (0x18001cc83) than optimal tiling (0x80040018001cc83), may result in limited capability!
[   0.065][d][vo/gpu-next/libplacebo] DRM format modifier AMD 0x18601b03 of format rgba8u supports fewer caps (0x18001cc83) than optimal tiling (0x80040018001cc83), may result in limited capability!
[   0.065][d][vo/gpu-next/libplacebo] DRM format modifier AMD 0x8601603 of format rgba8u supports fewer caps (0x18001cc83) than optimal tiling (0x80040018001cc83), may result in limited capability!
[   0.065][d][vo/gpu-next/libplacebo] DRM format modifier AMD 0x901 of format rgba8u supports fewer caps (0x18001cc83) than optimal tiling (0x80040018001cc83), may result in limited capability!
[   0.065][d][vo/gpu-next/libplacebo] DRM format modifier LINEAR of format rgba8u supports fewer caps (0x18001cc83) than optimal tiling (0x80040018001cc83), may result in limited capability!
[   0.065][d][vo/gpu-next/libplacebo] DRM format modifier AMD 0x18601b03 of format r16u supports fewer caps (0x18001cc83) than optimal tiling (0x80040018001cc83), may result in limited capability!
[   0.065][d][vo/gpu-next/libplacebo] DRM format modifier AMD 0x8601603 of format r16u supports fewer caps (0x18001cc83) than optimal tiling (0x80040018001cc83), may result in limited capability!
[   0.065][d][vo/gpu-next/libplacebo] DRM format modifier AMD 0xa01 of format r16u supports fewer caps (0x18001cc83) than optimal tiling (0x80040018001cc83), may result in limited capability!
[   0.065][d][vo/gpu-next/libplacebo] DRM format modifier AMD 0x901 of format r16u supports fewer caps (0x18001cc83) than optimal tiling (0x80040018001cc83), may result in limited capability!
[   0.065][d][vo/gpu-next/libplacebo] DRM format modifier LINEAR of format r16u supports fewer caps (0x18001cc83) than optimal tiling (0x80040018001cc83), may result in limited capability!
[   0.065][d][vo/gpu-next/libplacebo] DRM format modifier AMD 0x18601b03 of format rg16u supports fewer caps (0x18001cc83) than optimal tiling (0x80040018001cc83), may result in limited capability!
[   0.065][d][vo/gpu-next/libplacebo] DRM format modifier AMD 0x8601603 of format rg16u supports fewer caps (0x18001cc83) than optimal tiling (0x80040018001cc83), may result in limited capability!
[   0.065][d][vo/gpu-next/libplacebo] DRM format modifier AMD 0x901 of format rg16u supports fewer caps (0x18001cc83) than optimal tiling (0x80040018001cc83), may result in limited capability!
[   0.065][d][vo/gpu-next/libplacebo] DRM format modifier LINEAR of format rg16u supports fewer caps (0x18001cc83) than optimal tiling (0x80040018001cc83), may result in limited capability!
[   0.065][d][vo/gpu-next/libplacebo] DRM format modifier AMD 0x18601b03 of format rgba16u supports fewer caps (0x18001cc83) than optimal tiling (0x80040018001cc83), may result in limited capability!
[   0.065][d][vo/gpu-next/libplacebo] DRM format modifier AMD 0x8601603 of format rgba16u supports fewer caps (0x18001cc83) than optimal tiling (0x80040018001cc83), may result in limited capability!
[   0.065][d][vo/gpu-next/libplacebo] DRM format modifier AMD 0xa01 of format rgba16u supports fewer caps (0x18001cc83) than optimal tiling (0x80040018001cc83), may result in limited capability!
[   0.065][d][vo/gpu-next/libplacebo] DRM format modifier AMD 0x901 of format rgba16u supports fewer caps (0x18001cc83) than optimal tiling (0x80040018001cc83), may result in limited capability!
[   0.065][d][vo/gpu-next/libplacebo] DRM format modifier LINEAR of format rgba16u supports fewer caps (0x18001cc83) than optimal tiling (0x80040018001cc83), may result in limited capability!
[   0.065][d][vo/gpu-next/libplacebo] DRM format modifier AMD 0x18601b03 of format r32u supports fewer caps (0x18001cc87) than optimal tiling (0x80040018001cc87), may result in limited capability!
[   0.065][d][vo/gpu-next/libplacebo] DRM format modifier AMD 0x8601603 of format r32u supports fewer caps (0x18001cc87) than optimal tiling (0x80040018001cc87), may result in limited capability!
[   0.065][d][vo/gpu-next/libplacebo] DRM format modifier AMD 0x901 of format r32u supports fewer caps (0x18001cc87) than optimal tiling (0x80040018001cc87), may result in limited capability!
[   0.065][d][vo/gpu-next/libplacebo] DRM format modifier LINEAR of format r32u supports fewer caps (0x18001cc87) than optimal tiling (0x80040018001cc87), may result in limited capability!
[   0.065][d][vo/gpu-next/libplacebo] DRM format modifier AMD 0x18601b03 of format rg32u supports fewer caps (0x18001cc83) than optimal tiling (0x80040018001cc83), may result in limited capability!
[   0.065][d][vo/gpu-next/libplacebo] DRM format modifier AMD 0x8601603 of format rg32u supports fewer caps (0x18001cc83) than optimal tiling (0x80040018001cc83), may result in limited capability!
[   0.065][d][vo/gpu-next/libplacebo] DRM format modifier AMD 0xa01 of format rg32u supports fewer caps (0x18001cc83) than optimal tiling (0x80040018001cc83), may result in limited capability!
[   0.065][d][vo/gpu-next/libplacebo] DRM format modifier AMD 0x901 of format rg32u supports fewer caps (0x18001cc83) than optimal tiling (0x80040018001cc83), may result in limited capability!
[   0.065][d][vo/gpu-next/libplacebo] DRM format modifier LINEAR of format rg32u supports fewer caps (0x18001cc83) than optimal tiling (0x80040018001cc83), may result in limited capability!
[   0.065][d][vo/gpu-next/libplacebo] DRM format modifier LINEAR of format rgb32u supports fewer caps (0xc001) than optimal tiling (0x800000000000000), may result in limited capability!
[   0.065][d][vo/gpu-next/libplacebo] DRM format modifier LINEAR of format rgba32u supports fewer caps (0x18001cc83) than optimal tiling (0x80040018001cc83), may result in limited capability!
[   0.065][d][vo/gpu-next/libplacebo] DRM format modifier AMD 0x18601b03 of format r8i supports fewer caps (0x18001cc83) than optimal tiling (0x80040018001cc83), may result in limited capability!
[   0.065][d][vo/gpu-next/libplacebo] DRM format modifier AMD 0x8601603 of format r8i supports fewer caps (0x18001cc83) than optimal tiling (0x80040018001cc83), may result in limited capability!
[   0.065][d][vo/gpu-next/libplacebo] DRM format modifier AMD 0xa01 of format r8i supports fewer caps (0x18001cc83) than optimal tiling (0x80040018001cc83), may result in limited capability!
[   0.065][d][vo/gpu-next/libplacebo] DRM format modifier AMD 0x901 of format r8i supports fewer caps (0x18001cc83) than optimal tiling (0x80040018001cc83), may result in limited capability!
[   0.065][d][vo/gpu-next/libplacebo] DRM format modifier LINEAR of format r8i supports fewer caps (0x18001cc83) than optimal tiling (0x80040018001cc83), may result in limited capability!
[   0.065][d][vo/gpu-next/libplacebo] DRM format modifier AMD 0x18601b03 of format rg8i supports fewer caps (0x18001cc83) than optimal tiling (0x80040018001cc83), may result in limited capability!
[   0.065][d][vo/gpu-next/libplacebo] DRM format modifier AMD 0x8601603 of format rg8i supports fewer caps (0x18001cc83) than optimal tiling (0x80040018001cc83), may result in limited capability!
[   0.065][d][vo/gpu-next/libplacebo] DRM format modifier AMD 0xa01 of format rg8i supports fewer caps (0x18001cc83) than optimal tiling (0x80040018001cc83), may result in limited capability!
[   0.065][d][vo/gpu-next/libplacebo] DRM format modifier AMD 0x901 of format rg8i supports fewer caps (0x18001cc83) than optimal tiling (0x80040018001cc83), may result in limited capability!
[   0.065][d][vo/gpu-next/libplacebo] DRM format modifier LINEAR of format rg8i supports fewer caps (0x18001cc83) than optimal tiling (0x80040018001cc83), may result in limited capability!
[   0.065][d][vo/gpu-next/libplacebo] DRM format modifier AMD 0x18601b03 of format rgba8i supports fewer caps (0x18001cc83) than optimal tiling (0x80040018001cc83), may result in limited capability!
[   0.065][d][vo/gpu-next/libplacebo] DRM format modifier AMD 0x8601603 of format rgba8i supports fewer caps (0x18001cc83) than optimal tiling (0x80040018001cc83), may result in limited capability!
[   0.065][d][vo/gpu-next/libplacebo] DRM format modifier AMD 0x901 of format rgba8i supports fewer caps (0x18001cc83) than optimal tiling (0x80040018001cc83), may result in limited capability!
[   0.065][d][vo/gpu-next/libplacebo] DRM format modifier LINEAR of format rgba8i supports fewer caps (0x18001cc83) than optimal tiling (0x80040018001cc83), may result in limited capability!
[   0.065][d][vo/gpu-next/libplacebo] DRM format modifier AMD 0x18601b03 of format r16i supports fewer caps (0x18001cc83) than optimal tiling (0x80040018001cc83), may result in limited capability!
[   0.065][d][vo/gpu-next/libplacebo] DRM format modifier AMD 0x8601603 of format r16i supports fewer caps (0x18001cc83) than optimal tiling (0x80040018001cc83), may result in limited capability!
[   0.065][d][vo/gpu-next/libplacebo] DRM format modifier AMD 0xa01 of format r16i supports fewer caps (0x18001cc83) than optimal tiling (0x80040018001cc83), may result in limited capability!
[   0.065][d][vo/gpu-next/libplacebo] DRM format modifier AMD 0x901 of format r16i supports fewer caps (0x18001cc83) than optimal tiling (0x80040018001cc83), may result in limited capability!
[   0.065][d][vo/gpu-next/libplacebo] DRM format modifier LINEAR of format r16i supports fewer caps (0x18001cc83) than optimal tiling (0x80040018001cc83), may result in limited capability!
[   0.065][d][vo/gpu-next/libplacebo] DRM format modifier AMD 0x18601b03 of format rg16i supports fewer caps (0x18001cc83) than optimal tiling (0x80040018001cc83), may result in limited capability!
[   0.065][d][vo/gpu-next/libplacebo] DRM format modifier AMD 0x8601603 of format rg16i supports fewer caps (0x18001cc83) than optimal tiling (0x80040018001cc83), may result in limited capability!
[   0.065][d][vo/gpu-next/libplacebo] DRM format modifier AMD 0x901 of format rg16i supports fewer caps (0x18001cc83) than optimal tiling (0x80040018001cc83), may result in limited capability!
[   0.065][d][vo/gpu-next/libplacebo] DRM format modifier LINEAR of format rg16i supports fewer caps (0x18001cc83) than optimal tiling (0x80040018001cc83), may result in limited capability!
[   0.065][d][vo/gpu-next/libplacebo] DRM format modifier AMD 0x18601b03 of format rgba16i supports fewer caps (0x18001cc83) than optimal tiling (0x80040018001cc83), may result in limited capability!
[   0.065][d][vo/gpu-next/libplacebo] DRM format modifier AMD 0x8601603 of format rgba16i supports fewer caps (0x18001cc83) than optimal tiling (0x80040018001cc83), may result in limited capability!
[   0.065][d][vo/gpu-next/libplacebo] DRM format modifier AMD 0xa01 of format rgba16i supports fewer caps (0x18001cc83) than optimal tiling (0x80040018001cc83), may result in limited capability!
[   0.065][d][vo/gpu-next/libplacebo] DRM format modifier AMD 0x901 of format rgba16i supports fewer caps (0x18001cc83) than optimal tiling (0x80040018001cc83), may result in limited capability!
[   0.065][d][vo/gpu-next/libplacebo] DRM format modifier LINEAR of format rgba16i supports fewer caps (0x18001cc83) than optimal tiling (0x80040018001cc83), may result in limited capability!
[   0.065][d][vo/gpu-next/libplacebo] DRM format modifier AMD 0x18601b03 of format r32i supports fewer caps (0x200018001cc87) than optimal tiling (0x80240018001cc87), may result in limited capability!
[   0.065][d][vo/gpu-next/libplacebo] DRM format modifier AMD 0x8601603 of format r32i supports fewer caps (0x200018001cc87) than optimal tiling (0x80240018001cc87), may result in limited capability!
[   0.065][d][vo/gpu-next/libplacebo] DRM format modifier AMD 0x901 of format r32i supports fewer caps (0x200018001cc87) than optimal tiling (0x80240018001cc87), may result in limited capability!
[   0.065][d][vo/gpu-next/libplacebo] DRM format modifier LINEAR of format r32i supports fewer caps (0x200018001cc87) than optimal tiling (0x80240018001cc87), may result in limited capability!
[   0.065][d][vo/gpu-next/libplacebo] DRM format modifier AMD 0x18601b03 of format rg32i supports fewer caps (0x18001cc83) than optimal tiling (0x80040018001cc83), may result in limited capability!
[   0.065][d][vo/gpu-next/libplacebo] DRM format modifier AMD 0x8601603 of format rg32i supports fewer caps (0x18001cc83) than optimal tiling (0x80040018001cc83), may result in limited capability!
[   0.065][d][vo/gpu-next/libplacebo] DRM format modifier AMD 0xa01 of format rg32i supports fewer caps (0x18001cc83) than optimal tiling (0x80040018001cc83), may result in limited capability!
[   0.065][d][vo/gpu-next/libplacebo] DRM format modifier AMD 0x901 of format rg32i supports fewer caps (0x18001cc83) than optimal tiling (0x80040018001cc83), may result in limited capability!
[   0.065][d][vo/gpu-next/libplacebo] DRM format modifier LINEAR of format rg32i supports fewer caps (0x18001cc83) than optimal tiling (0x80040018001cc83), may result in limited capability!
[   0.065][d][vo/gpu-next/libplacebo] DRM format modifier LINEAR of format rgb32i supports fewer caps (0xc001) than optimal tiling (0x800000000000000), may result in limited capability!
[   0.065][d][vo/gpu-next/libplacebo] DRM format modifier LINEAR of format rgba32i supports fewer caps (0x18001cc83) than optimal tiling (0x80040018001cc83), may result in limited capability!
[   0.065][d][vo/gpu-next/libplacebo] DRM format modifier AMD 0x18601b03 of format bgra8 supports fewer caps (0x18001dd83) than optimal tiling (0x80040018001dd83), may result in limited capability!
[   0.065][d][vo/gpu-next/libplacebo] DRM format modifier AMD 0x8601603 of format bgra8 supports fewer caps (0x18001dd83) than optimal tiling (0x80040018001dd83), may result in limited capability!
[   0.065][d][vo/gpu-next/libplacebo] DRM format modifier AMD 0x901 of format bgra8 supports fewer caps (0x18001dd83) than optimal tiling (0x80040018001dd83), may result in limited capability!
[   0.065][d][vo/gpu-next/libplacebo] DRM format modifier LINEAR of format bgra8 supports fewer caps (0x18001dd83) than optimal tiling (0x80040018001dd83), may result in limited capability!
[   0.065][d][vo/gpu-next/libplacebo] DRM format modifier AMD 0x18601b03 of format bgra8u supports fewer caps (0x18001cc83) than optimal tiling (0x80040018001cc83), may result in limited capability!
[   0.065][d][vo/gpu-next/libplacebo] DRM format modifier AMD 0x8601603 of format bgra8u supports fewer caps (0x18001cc83) than optimal tiling (0x80040018001cc83), may result in limited capability!
[   0.065][d][vo/gpu-next/libplacebo] DRM format modifier AMD 0x901 of format bgra8u supports fewer caps (0x18001cc83) than optimal tiling (0x80040018001cc83), may result in limited capability!
[   0.065][d][vo/gpu-next/libplacebo] DRM format modifier LINEAR of format bgra8u supports fewer caps (0x18001cc83) than optimal tiling (0x80040018001cc83), may result in limited capability!
[   0.065][d][vo/gpu-next/libplacebo] DRM format modifier AMD 0x18601b03 of format bgra8i supports fewer caps (0x18001cc83) than optimal tiling (0x80040018001cc83), may result in limited capability!
[   0.065][d][vo/gpu-next/libplacebo] DRM format modifier AMD 0x8601603 of format bgra8i supports fewer caps (0x18001cc83) than optimal tiling (0x80040018001cc83), may result in limited capability!
[   0.065][d][vo/gpu-next/libplacebo] DRM format modifier AMD 0x901 of format bgra8i supports fewer caps (0x18001cc83) than optimal tiling (0x80040018001cc83), may result in limited capability!
[   0.065][d][vo/gpu-next/libplacebo] DRM format modifier LINEAR of format bgra8i supports fewer caps (0x18001cc83) than optimal tiling (0x80040018001cc83), may result in limited capability!
[   0.065][d][vo/gpu-next/libplacebo] DRM format modifier AMD 0x18601b03 of format argb4 supports fewer caps (0x18001dd83) than optimal tiling (0x80040018001dd83), may result in limited capability!
[   0.065][d][vo/gpu-next/libplacebo] DRM format modifier AMD 0x8601603 of format argb4 supports fewer caps (0x18001dd83) than optimal tiling (0x80040018001dd83), may result in limited capability!
[   0.065][d][vo/gpu-next/libplacebo] DRM format modifier AMD 0xa01 of format argb4 supports fewer caps (0x18001dd83) than optimal tiling (0x80040018001dd83), may result in limited capability!
[   0.065][d][vo/gpu-next/libplacebo] DRM format modifier AMD 0x901 of format argb4 supports fewer caps (0x18001dd83) than optimal tiling (0x80040018001dd83), may result in limited capability!
[   0.065][d][vo/gpu-next/libplacebo] DRM format modifier LINEAR of format argb4 supports fewer caps (0x18001dd83) than optimal tiling (0x80040018001dd83), may result in limited capability!
[   0.065][d][vo/gpu-next/libplacebo] DRM format modifier AMD 0x18601b03 of format abgr4 supports fewer caps (0x18001dd83) than optimal tiling (0x80040018001dd83), may result in limited capability!
[   0.065][d][vo/gpu-next/libplacebo] DRM format modifier AMD 0x8601603 of format abgr4 supports fewer caps (0x18001dd83) than optimal tiling (0x80040018001dd83), may result in limited capability!
[   0.065][d][vo/gpu-next/libplacebo] DRM format modifier AMD 0xa01 of format abgr4 supports fewer caps (0x18001dd83) than optimal tiling (0x80040018001dd83), may result in limited capability!
[   0.065][d][vo/gpu-next/libplacebo] DRM format modifier AMD 0x901 of format abgr4 supports fewer caps (0x18001dd83) than optimal tiling (0x80040018001dd83), may result in limited capability!
[   0.065][d][vo/gpu-next/libplacebo] DRM format modifier LINEAR of format abgr4 supports fewer caps (0x18001dd83) than optimal tiling (0x80040018001dd83), may result in limited capability!
[   0.065][d][vo/gpu-next/libplacebo] DRM format modifier AMD 0x18601b03 of format bgr565 supports fewer caps (0x18001dd83) than optimal tiling (0x80040018001dd83), may result in limited capability!
[   0.065][d][vo/gpu-next/libplacebo] DRM format modifier AMD 0x8601603 of format bgr565 supports fewer caps (0x18001dd83) than optimal tiling (0x80040018001dd83), may result in limited capability!
[   0.065][d][vo/gpu-next/libplacebo] DRM format modifier AMD 0xa01 of format bgr565 supports fewer caps (0x18001dd83) than optimal tiling (0x80040018001dd83), may result in limited capability!
[   0.065][d][vo/gpu-next/libplacebo] DRM format modifier AMD 0x901 of format bgr565 supports fewer caps (0x18001dd83) than optimal tiling (0x80040018001dd83), may result in limited capability!
[   0.065][d][vo/gpu-next/libplacebo] DRM format modifier LINEAR of format bgr565 supports fewer caps (0x18001dd83) than optimal tiling (0x80040018001dd83), may result in limited capability!
[   0.065][d][vo/gpu-next/libplacebo] DRM format modifier AMD 0x18601b03 of format rgb565 supports fewer caps (0x18001dd83) than optimal tiling (0x80040018001dd83), may result in limited capability!
[   0.065][d][vo/gpu-next/libplacebo] DRM format modifier AMD 0x8601603 of format rgb565 supports fewer caps (0x18001dd83) than optimal tiling (0x80040018001dd83), may result in limited capability!
[   0.065][d][vo/gpu-next/libplacebo] DRM format modifier AMD 0xa01 of format rgb565 supports fewer caps (0x18001dd83) than optimal tiling (0x80040018001dd83), may result in limited capability!
[   0.065][d][vo/gpu-next/libplacebo] DRM format modifier AMD 0x901 of format rgb565 supports fewer caps (0x18001dd83) than optimal tiling (0x80040018001dd83), may result in limited capability!
[   0.065][d][vo/gpu-next/libplacebo] DRM format modifier LINEAR of format rgb565 supports fewer caps (0x18001dd83) than optimal tiling (0x80040018001dd83), may result in limited capability!
[   0.065][d][vo/gpu-next/libplacebo] DRM format modifier AMD 0x18601b03 of format a1bgr5 supports fewer caps (0x18001dd83) than optimal tiling (0x80040018001dd83), may result in limited capability!
[   0.065][d][vo/gpu-next/libplacebo] DRM format modifier AMD 0x8601603 of format a1bgr5 supports fewer caps (0x18001dd83) than optimal tiling (0x80040018001dd83), may result in limited capability!
[   0.065][d][vo/gpu-next/libplacebo] DRM format modifier AMD 0xa01 of format a1bgr5 supports fewer caps (0x18001dd83) than optimal tiling (0x80040018001dd83), may result in limited capability!
[   0.065][d][vo/gpu-next/libplacebo] DRM format modifier AMD 0x901 of format a1bgr5 supports fewer caps (0x18001dd83) than optimal tiling (0x80040018001dd83), may result in limited capability!
[   0.065][d][vo/gpu-next/libplacebo] DRM format modifier LINEAR of format a1bgr5 supports fewer caps (0x18001dd83) than optimal tiling (0x80040018001dd83), may result in limited capability!
[   0.065][d][vo/gpu-next/libplacebo] DRM format modifier AMD 0x18601b03 of format a1rgb5 supports fewer caps (0x18001dd83) than optimal tiling (0x80040018001dd83), may result in limited capability!
[   0.065][d][vo/gpu-next/libplacebo] DRM format modifier AMD 0x8601603 of format a1rgb5 supports fewer caps (0x18001dd83) than optimal tiling (0x80040018001dd83), may result in limited capability!
[   0.065][d][vo/gpu-next/libplacebo] DRM format modifier AMD 0xa01 of format a1rgb5 supports fewer caps (0x18001dd83) than optimal tiling (0x80040018001dd83), may result in limited capability!
[   0.065][d][vo/gpu-next/libplacebo] DRM format modifier AMD 0x901 of format a1rgb5 supports fewer caps (0x18001dd83) than optimal tiling (0x80040018001dd83), may result in limited capability!
[   0.065][d][vo/gpu-next/libplacebo] DRM format modifier LINEAR of format a1rgb5 supports fewer caps (0x18001dd83) than optimal tiling (0x80040018001dd83), may result in limited capability!
[   0.065][d][vo/gpu-next/libplacebo] DRM format modifier AMD 0x18601b03 of format bgr5a1 supports fewer caps (0x18001dd83) than optimal tiling (0x80040018001dd83), may result in limited capability!
[   0.065][d][vo/gpu-next/libplacebo] DRM format modifier AMD 0x8601603 of format bgr5a1 supports fewer caps (0x18001dd83) than optimal tiling (0x80040018001dd83), may result in limited capability!
[   0.065][d][vo/gpu-next/libplacebo] DRM format modifier AMD 0xa01 of format bgr5a1 supports fewer caps (0x18001dd83) than optimal tiling (0x80040018001dd83), may result in limited capability!
[   0.065][d][vo/gpu-next/libplacebo] DRM format modifier AMD 0x901 of format bgr5a1 supports fewer caps (0x18001dd83) than optimal tiling (0x80040018001dd83), may result in limited capability!
[   0.065][d][vo/gpu-next/libplacebo] DRM format modifier LINEAR of format bgr5a1 supports fewer caps (0x18001dd83) than optimal tiling (0x80040018001dd83), may result in limited capability!
[   0.065][d][vo/gpu-next/libplacebo] DRM format modifier AMD 0x18601b03 of format rgb10a2 supports fewer caps (0x18001dd83) than optimal tiling (0x80040018001dd83), may result in limited capability!
[   0.065][d][vo/gpu-next/libplacebo] DRM format modifier AMD 0x8601603 of format rgb10a2 supports fewer caps (0x18001dd83) than optimal tiling (0x80040018001dd83), may result in limited capability!
[   0.065][d][vo/gpu-next/libplacebo] DRM format modifier AMD 0x901 of format rgb10a2 supports fewer caps (0x18001dd83) than optimal tiling (0x80040018001dd83), may result in limited capability!
[   0.065][d][vo/gpu-next/libplacebo] DRM format modifier LINEAR of format rgb10a2 supports fewer caps (0x18001dd83) than optimal tiling (0x80040018001dd83), may result in limited capability!
[   0.065][d][vo/gpu-next/libplacebo] DRM format modifier AMD 0x18601b03 of format bgr10a2 supports fewer caps (0x18001dd83) than optimal tiling (0x80040018001dd83), may result in limited capability!
[   0.065][d][vo/gpu-next/libplacebo] DRM format modifier AMD 0x8601603 of format bgr10a2 supports fewer caps (0x18001dd83) than optimal tiling (0x80040018001dd83), may result in limited capability!
[   0.065][d][vo/gpu-next/libplacebo] DRM format modifier AMD 0x901 of format bgr10a2 supports fewer caps (0x18001dd83) than optimal tiling (0x80040018001dd83), may result in limited capability!
[   0.065][d][vo/gpu-next/libplacebo] DRM format modifier LINEAR of format bgr10a2 supports fewer caps (0x18001dd83) than optimal tiling (0x80040018001dd83), may result in limited capability!
[   0.065][d][vo/gpu-next/libplacebo] DRM format modifier AMD 0x18601b03 of format rgb10a2u supports fewer caps (0x18001cc83) than optimal tiling (0x80040018001cc83), may result in limited capability!
[   0.065][d][vo/gpu-next/libplacebo] DRM format modifier AMD 0x8601603 of format rgb10a2u supports fewer caps (0x18001cc83) than optimal tiling (0x80040018001cc83), may result in limited capability!
[   0.065][d][vo/gpu-next/libplacebo] DRM format modifier AMD 0x901 of format rgb10a2u supports fewer caps (0x18001cc83) than optimal tiling (0x80040018001cc83), may result in limited capability!
[   0.065][d][vo/gpu-next/libplacebo] DRM format modifier LINEAR of format rgb10a2u supports fewer caps (0x18001cc83) than optimal tiling (0x80040018001cc83), may result in limited capability!
[   0.065][d][vo/gpu-next/libplacebo] DRM format modifier AMD 0x18601b03 of format bgr10a2u supports fewer caps (0x18001cc83) than optimal tiling (0x80040018001cc83), may result in limited capability!
[   0.065][d][vo/gpu-next/libplacebo] DRM format modifier AMD 0x8601603 of format bgr10a2u supports fewer caps (0x18001cc83) than optimal tiling (0x80040018001cc83), may result in limited capability!
[   0.065][d][vo/gpu-next/libplacebo] DRM format modifier AMD 0x901 of format bgr10a2u supports fewer caps (0x18001cc83) than optimal tiling (0x80040018001cc83), may result in limited capability!
[   0.065][d][vo/gpu-next/libplacebo] DRM format modifier LINEAR of format bgr10a2u supports fewer caps (0x18001cc83) than optimal tiling (0x80040018001cc83), may result in limited capability!
[   0.065][d][vo/gpu-next/libplacebo] DRM format modifier AMD 0x18601b03 of format rx10 supports fewer caps (0x18001dd83) than optimal tiling (0x80040018001dd83), may result in limited capability!
[   0.065][d][vo/gpu-next/libplacebo] DRM format modifier AMD 0x8601603 of format rx10 supports fewer caps (0x18001dd83) than optimal tiling (0x80040018001dd83), may result in limited capability!
[   0.065][d][vo/gpu-next/libplacebo] DRM format modifier AMD 0xa01 of format rx10 supports fewer caps (0x18001dd83) than optimal tiling (0x80040018001dd83), may result in limited capability!
[   0.065][d][vo/gpu-next/libplacebo] DRM format modifier AMD 0x901 of format rx10 supports fewer caps (0x18001dd83) than optimal tiling (0x80040018001dd83), may result in limited capability!
[   0.065][d][vo/gpu-next/libplacebo] DRM format modifier LINEAR of format rx10 supports fewer caps (0x18001dd83) than optimal tiling (0x80040018001dd83), may result in limited capability!
[   0.065][d][vo/gpu-next/libplacebo] DRM format modifier AMD 0x18601b03 of format rxgx10 supports fewer caps (0x18001dd83) than optimal tiling (0x80040018001dd83), may result in limited capability!
[   0.065][d][vo/gpu-next/libplacebo] DRM format modifier AMD 0x8601603 of format rxgx10 supports fewer caps (0x18001dd83) than optimal tiling (0x80040018001dd83), may result in limited capability!
[   0.065][d][vo/gpu-next/libplacebo] DRM format modifier AMD 0x901 of format rxgx10 supports fewer caps (0x18001dd83) than optimal tiling (0x80040018001dd83), may result in limited capability!
[   0.065][d][vo/gpu-next/libplacebo] DRM format modifier LINEAR of format rxgx10 supports fewer caps (0x18001dd83) than optimal tiling (0x80040018001dd83), may result in limited capability!
[   0.065][d][vo/gpu-next/libplacebo] DRM format modifier AMD 0x18601b03 of format rx12 supports fewer caps (0x18001dd83) than optimal tiling (0x80040018001dd83), may result in limited capability!
[   0.065][d][vo/gpu-next/libplacebo] DRM format modifier AMD 0x8601603 of format rx12 supports fewer caps (0x18001dd83) than optimal tiling (0x80040018001dd83), may result in limited capability!
[   0.065][d][vo/gpu-next/libplacebo] DRM format modifier AMD 0xa01 of format rx12 supports fewer caps (0x18001dd83) than optimal tiling (0x80040018001dd83), may result in limited capability!
[   0.065][d][vo/gpu-next/libplacebo] DRM format modifier AMD 0x901 of format rx12 supports fewer caps (0x18001dd83) than optimal tiling (0x80040018001dd83), may result in limited capability!
[   0.065][d][vo/gpu-next/libplacebo] DRM format modifier LINEAR of format rx12 supports fewer caps (0x18001dd83) than optimal tiling (0x80040018001dd83), may result in limited capability!
[   0.065][d][vo/gpu-next/libplacebo] DRM format modifier AMD 0x18601b03 of format rxgx12 supports fewer caps (0x18001dd83) than optimal tiling (0x80040018001dd83), may result in limited capability!
[   0.065][d][vo/gpu-next/libplacebo] DRM format modifier AMD 0x8601603 of format rxgx12 supports fewer caps (0x18001dd83) than optimal tiling (0x80040018001dd83), may result in limited capability!
[   0.065][d][vo/gpu-next/libplacebo] DRM format modifier AMD 0x901 of format rxgx12 supports fewer caps (0x18001dd83) than optimal tiling (0x80040018001dd83), may result in limited capability!
[   0.065][d][vo/gpu-next/libplacebo] DRM format modifier LINEAR of format rxgx12 supports fewer caps (0x18001dd83) than optimal tiling (0x80040018001dd83), may result in limited capability!
[   0.065][d][vo/gpu-next/libplacebo] Minimum texel alignment: 48
[   0.065][v][vo/gpu-next/libplacebo] GPU information:
[   0.065][v][vo/gpu-next/libplacebo]     GLSL version: 450 (vulkan)
[   0.065][v][vo/gpu-next/libplacebo]       max_shmem_size:            65536
[   0.065][v][vo/gpu-next/libplacebo]       max_group_threads:         1024
[   0.065][v][vo/gpu-next/libplacebo]       max_group_size[0]:         1024
[   0.065][v][vo/gpu-next/libplacebo]       max_group_size[1]:         1024
[   0.065][v][vo/gpu-next/libplacebo]       max_group_size[2]:         1024
[   0.065][v][vo/gpu-next/libplacebo]       subgroup_size:             64
[   0.065][v][vo/gpu-next/libplacebo]       min_gather_offset:         -32
[   0.065][v][vo/gpu-next/libplacebo]       max_gather_offset:         31
[   0.065][v][vo/gpu-next/libplacebo]     Limits:
[   0.065][v][vo/gpu-next/libplacebo]       thread_safe:               1
[   0.065][v][vo/gpu-next/libplacebo]       callbacks:                 1
[   0.065][v][vo/gpu-next/libplacebo]       max_buf_size:              8573157376
[   0.065][v][vo/gpu-next/libplacebo]       max_ubo_size:              4294967295
[   0.065][v][vo/gpu-next/libplacebo]       max_ssbo_size:             4294967295
[   0.065][v][vo/gpu-next/libplacebo]       max_vbo_size:              8573157376
[   0.065][v][vo/gpu-next/libplacebo]       max_mapped_size:           8573157376
[   0.065][v][vo/gpu-next/libplacebo]       max_buffer_texels:         536870912
[   0.065][v][vo/gpu-next/libplacebo]       align_host_ptr:            4096
[   0.065][v][vo/gpu-next/libplacebo]       host_cached:               1
[   0.065][v][vo/gpu-next/libplacebo]       max_tex_1d_dim:            16384
[   0.065][v][vo/gpu-next/libplacebo]       max_tex_2d_dim:            16384
[   0.065][v][vo/gpu-next/libplacebo]       max_tex_3d_dim:            8192
[   0.065][v][vo/gpu-next/libplacebo]       blittable_1d_3d:           1
[   0.065][v][vo/gpu-next/libplacebo]       buf_transfer:              1
[   0.065][v][vo/gpu-next/libplacebo]       align_tex_xfer_pitch:      1
[   0.065][v][vo/gpu-next/libplacebo]       align_tex_xfer_offset:     4
[   0.065][v][vo/gpu-next/libplacebo]       max_variable_comps:        0
[   0.065][v][vo/gpu-next/libplacebo]       max_constants:             18446744073709551615
[   0.065][v][vo/gpu-next/libplacebo]       max_pushc_size:            256
[   0.065][v][vo/gpu-next/libplacebo]       align_vertex_stride:       1
[   0.065][v][vo/gpu-next/libplacebo]       max_dispatch[0]:           4294967295
[   0.065][v][vo/gpu-next/libplacebo]       max_dispatch[1]:           65535
[   0.065][v][vo/gpu-next/libplacebo]       max_dispatch[2]:           65535
[   0.065][v][vo/gpu-next/libplacebo]       fragment_queues:           1
[   0.065][v][vo/gpu-next/libplacebo]       compute_queues:            1
[   0.065][v][vo/gpu-next/libplacebo]     External API interop:
[   0.065][v][vo/gpu-next/libplacebo]       UUID: 00:00:00:00:03:00:00:00:00:00:00:00:00:00:00:00
[   0.065][v][vo/gpu-next/libplacebo]       PCI: 0000:03:00:0
[   0.065][v][vo/gpu-next/libplacebo]       buf export caps: 0x9
[   0.065][v][vo/gpu-next/libplacebo]       buf import caps: 0x19
[   0.065][v][vo/gpu-next/libplacebo]       tex export caps: 0x9
[   0.065][v][vo/gpu-next/libplacebo]       tex import caps: 0x19
[   0.066][v][vo/gpu-next/libplacebo]       sync export caps: 0x1
[   0.066][v][vo/gpu-next/libplacebo]       sync import caps: 0x0
[   0.066][d][vo/gpu-next/libplacebo] GPU texture formats:
[   0.066][d][vo/gpu-next/libplacebo]     NAME                 TYPE   SIZE COMP CAPS         EMU DEPTH         HOST_BITS     GLSL_TYPE  GLSL_FMT   FOURCC
[   0.066][d][vo/gpu-next/libplacebo]     a1rgb5               UNORM  2    ARGB SsLRbB---HWG n   {1  5  5  5 } {1  5  5  5 }                       BA15  
[   0.066][d][vo/gpu-next/libplacebo]     a1bgr5               UNORM  2    ABGR SsLRbB---HWG n   {1  5  5  5 } {1  5  5  5 }                       RA15  
[   0.066][d][vo/gpu-next/libplacebo]     argb4                UNORM  2    ARGB SsLRbB---HWG n   {4  4  4  4 } {4  4  4  4 }                       BA12  
[   0.066][d][vo/gpu-next/libplacebo]     abgr4                UNORM  2    ABGR SsLRbB---HWG n   {4  4  4  4 } {4  4  4  4 }                       RA12  
[   0.066][d][vo/gpu-next/libplacebo]     rgb565               UNORM  2    RGB  SsLRbB---HWG n   {5  6  5  0 } {5  6  5  0 }                       BG16  
[   0.066][d][vo/gpu-next/libplacebo]     bgr5a1               UNORM  2    BGRA SsLRbB---HWG n   {5  5  5  1 } {5  5  5  1 }                       AR15  
[   0.066][d][vo/gpu-next/libplacebo]     bgr565               UNORM  2    BGR  SsLRbB---HWG n   {5  6  5  0 } {5  6  5  0 }                       RG16  
[   0.066][d][vo/gpu-next/libplacebo]     r8                   UNORM  1    R    SsLRbBVutHWG n   {8  0  0  0 } {8  0  0  0 } float      r8         R8    
[   0.066][d][vo/gpu-next/libplacebo]     r8s                  SNORM  1    R    SsLRbBVutHWG n   {8  0  0  0 } {8  0  0  0 } float      r8_snorm         
[   0.066][d][vo/gpu-next/libplacebo]     rg8                  UNORM  2    RG   SsLRbBVutHWG n   {8  8  0  0 } {8  8  0  0 } vec2       rg8        GR88  
[   0.066][d][vo/gpu-next/libplacebo]     rg8s                 SNORM  2    RG   SsLRbBVutHWG n   {8  8  0  0 } {8  8  0  0 } vec2       rg8_snorm        
[   0.066][d][vo/gpu-next/libplacebo]     rgba8                UNORM  4    RGBA SsLRbBVutHWG n   {8  8  8  8 } {8  8  8  8 } vec4       rgba8      AB24  
[   0.066][d][vo/gpu-next/libplacebo]     rgba8s               SNORM  4    RGBA SsLRbBVutHWG n   {8  8  8  8 } {8  8  8  8 } vec4       rgba8_snorm       
[   0.066][d][vo/gpu-next/libplacebo]     bgra8                UNORM  4    BGRA SsLRbBVutHWG n   {8  8  8  8 } {8  8  8  8 } vec4                  AR24  
[   0.066][d][vo/gpu-next/libplacebo]     rgb10a2              UNORM  4    RGBA SsLRbBVutHWG n   {10 10 10 2 } {10 10 10 2 } vec4       rgb10_a2   AB30  
[   0.066][d][vo/gpu-next/libplacebo]     bgr10a2              UNORM  4    BGRA SsLRbBVutHWG n   {10 10 10 2 } {10 10 10 2 } vec4                  AR30  
[   0.066][d][vo/gpu-next/libplacebo]     rx10                 UNORM  2    R    SsLRbBVutHWG n   {10 0  0  0 } {16 0  0  0 } float                       
[   0.066][d][vo/gpu-next/libplacebo]     rxgx10               UNORM  4    RG   SsLRbBVutHWG n   {10 10 0  0 } {16 16 0  0 } vec2                        
[   0.066][d][vo/gpu-next/libplacebo]     rx12                 UNORM  2    R    SsLRbBVutHWG n   {12 0  0  0 } {16 0  0  0 } float                       
[   0.066][d][vo/gpu-next/libplacebo]     rxgx12               UNORM  4    RG   SsLRbBVutHWG n   {12 12 0  0 } {16 16 0  0 } vec2                        
[   0.066][d][vo/gpu-next/libplacebo]     r16                  UNORM  2    R    SsLRbBVutHWG n   {16 0  0  0 } {16 0  0  0 } float      r16        R16   
[   0.066][d][vo/gpu-next/libplacebo]     r16hf                FLOAT  2    R    SsLRbBVutHWG n   {16 0  0  0 } {16 0  0  0 } float      r16f             
[   0.066][d][vo/gpu-next/libplacebo]     r16s                 SNORM  2    R    SsLRbBVutHWG n   {16 0  0  0 } {16 0  0  0 } float      r16_snorm        
[   0.066][d][vo/gpu-next/libplacebo]     rg16                 UNORM  4    RG   SsLRbBVutHWG n   {16 16 0  0 } {16 16 0  0 } vec2       rg16       GR32  
[   0.066][d][vo/gpu-next/libplacebo]     rg16hf               FLOAT  4    RG   SsLRbBVutHWG n   {16 16 0  0 } {16 16 0  0 } vec2       rg16f            
[   0.066][d][vo/gpu-next/libplacebo]     rg16s                SNORM  4    RG   SsLRbBVutHWG n   {16 16 0  0 } {16 16 0  0 } vec2       rg16_snorm       
[   0.066][d][vo/gpu-next/libplacebo]     rgba16               UNORM  8    RGBA SsLRbBVutHWG n   {16 16 16 16} {16 16 16 16} vec4       rgba16     AB48  
[   0.066][d][vo/gpu-next/libplacebo]     rgba16hf             FLOAT  8    RGBA SsLRbBVutHWG n   {16 16 16 16} {16 16 16 16} vec4       rgba16f    AB4H  
[   0.066][d][vo/gpu-next/libplacebo]     rgba16s              SNORM  8    RGBA SsLRbBVutHWG n   {16 16 16 16} {16 16 16 16} vec4       rgba16_snorm       
[   0.066][d][vo/gpu-next/libplacebo]     r32f                 FLOAT  4    R    SsLRbBVutHWG n   {32 0  0  0 } {32 0  0  0 } float      r32f             
[   0.066][d][vo/gpu-next/libplacebo]     rg32f                FLOAT  8    RG   SsLRbBVutHWG n   {32 32 0  0 } {32 32 0  0 } vec2       rg32f            
[   0.066][d][vo/gpu-next/libplacebo]     rgba32f              FLOAT  16   RGBA SsLRbBVutHWG n   {32 32 32 32} {32 32 32 32} vec4       rgba32f          
[   0.066][d][vo/gpu-next/libplacebo]     r8i                  SINT   1    R    Ss-R-BVutHWG n   {8  0  0  0 } {8  0  0  0 } int        r8i              
[   0.066][d][vo/gpu-next/libplacebo]     r8u                  UINT   1    R    Ss-R-BVutHWG n   {8  0  0  0 } {8  0  0  0 } uint       r8ui             
[   0.066][d][vo/gpu-next/libplacebo]     rg8i                 SINT   2    RG   Ss-R-BVutHWG n   {8  8  0  0 } {8  8  0  0 } ivec2      rg8i             
[   0.066][d][vo/gpu-next/libplacebo]     rg8u                 UINT   2    RG   Ss-R-BVutHWG n   {8  8  0  0 } {8  8  0  0 } uvec2      rg8ui            
[   0.066][d][vo/gpu-next/libplacebo]     rgba8i               SINT   4    RGBA Ss-R-BVutHWG n   {8  8  8  8 } {8  8  8  8 } ivec4      rgba8i           
[   0.066][d][vo/gpu-next/libplacebo]     rgba8u               UINT   4    RGBA Ss-R-BVutHWG n   {8  8  8  8 } {8  8  8  8 } uvec4      rgba8ui          
[   0.066][d][vo/gpu-next/libplacebo]     bgra8i               SINT   4    BGRA Ss-R-BVutHWG n   {8  8  8  8 } {8  8  8  8 } ivec4                       
[   0.066][d][vo/gpu-next/libplacebo]     bgra8u               UINT   4    BGRA Ss-R-BVutHWG n   {8  8  8  8 } {8  8  8  8 } uvec4                       
[   0.066][d][vo/gpu-next/libplacebo]     rgb10a2u             UINT   4    RGBA Ss-R-BVutHWG n   {10 10 10 2 } {10 10 10 2 } uvec4      rgb10_a2ui       
[   0.066][d][vo/gpu-next/libplacebo]     bgr10a2u             UINT   4    BGRA Ss-R-BVutHWG n   {10 10 10 2 } {10 10 10 2 } uvec4                       
[   0.066][d][vo/gpu-next/libplacebo]     r16i                 SINT   2    R    Ss-R-BVutHWG n   {16 0  0  0 } {16 0  0  0 } int        r16i             
[   0.066][d][vo/gpu-next/libplacebo]     r16u                 UINT   2    R    Ss-R-BVutHWG n   {16 0  0  0 } {16 0  0  0 } uint       r16ui            
[   0.066][d][vo/gpu-next/libplacebo]     rg16i                SINT   4    RG   Ss-R-BVutHWG n   {16 16 0  0 } {16 16 0  0 } ivec2      rg16i            
[   0.066][d][vo/gpu-next/libplacebo]     rg16u                UINT   4    RG   Ss-R-BVutHWG n   {16 16 0  0 } {16 16 0  0 } uvec2      rg16ui           
[   0.066][d][vo/gpu-next/libplacebo]     rgba16i              SINT   8    RGBA Ss-R-BVutHWG n   {16 16 16 16} {16 16 16 16} ivec4      rgba16i          
[   0.066][d][vo/gpu-next/libplacebo]     rgba16u              UINT   8    RGBA Ss-R-BVutHWG n   {16 16 16 16} {16 16 16 16} uvec4      rgba16ui         
[   0.066][d][vo/gpu-next/libplacebo]     r32i                 SINT   4    R    Ss-R-BVutHWG n   {32 0  0  0 } {32 0  0  0 } int        r32i             
[   0.066][d][vo/gpu-next/libplacebo]     r32u                 UINT   4    R    Ss-R-BVutHWG n   {32 0  0  0 } {32 0  0  0 } uint       r32ui            
[   0.066][d][vo/gpu-next/libplacebo]     rg32i                SINT   8    RG   Ss-R-BVutHWG n   {32 32 0  0 } {32 32 0  0 } ivec2      rg32i            
[   0.066][d][vo/gpu-next/libplacebo]     rg32u                UINT   8    RG   Ss-R-BVutHWG n   {32 32 0  0 } {32 32 0  0 } uvec2      rg32ui           
[   0.066][d][vo/gpu-next/libplacebo]     rgba32i              SINT   16   RGBA Ss-R-BVutHWG n   {32 32 32 32} {32 32 32 32} ivec4      rgba32i          
[   0.066][d][vo/gpu-next/libplacebo]     rgba32u              UINT   16   RGBA Ss-R-BVutHWG n   {32 32 32 32} {32 32 32 32} uvec4      rgba32ui         
[   0.066][d][vo/gpu-next/libplacebo]     gr4                  UNORM  1    GR   ---------H-- n   {4  4  0  0 } {4  4  0  0 }                             
[   0.066][d][vo/gpu-next/libplacebo]     rgb8i                SINT   3    RGB  ------V--H-- n   {8  8  8  0 } {8  8  8  0 } ivec3                       
[   0.066][d][vo/gpu-next/libplacebo]     rgb8s                SNORM  3    RGB  ------V--H-- n   {8  8  8  0 } {8  8  8  0 } vec3                        
[   0.066][d][vo/gpu-next/libplacebo]     rgb8u                UINT   3    RGB  ------V--H-- n   {8  8  8  0 } {8  8  8  0 } uvec3                       
[   0.066][d][vo/gpu-next/libplacebo]     bgr8                 UNORM  3    BGR  ------V--H-- n   {8  8  8  0 } {8  8  8  0 } vec3                  RG24  
[   0.066][d][vo/gpu-next/libplacebo]     bgr8i                SINT   3    BGR  ------V--H-- n   {8  8  8  0 } {8  8  8  0 } ivec3                       
[   0.066][d][vo/gpu-next/libplacebo]     bgr8u                UINT   3    BGR  ------V--H-- n   {8  8  8  0 } {8  8  8  0 } uvec3                       
[   0.066][d][vo/gpu-next/libplacebo]     rgb10a2i             SINT   4    RGBA ------V--H-- n   {10 10 10 2 } {10 10 10 2 } ivec4                       
[   0.066][d][vo/gpu-next/libplacebo]     rgb10a2s             SNORM  4    RGBA ------V--H-- n   {10 10 10 2 } {10 10 10 2 } vec4                        
[   0.066][d][vo/gpu-next/libplacebo]     bgr10a2i             SINT   4    BGRA ------V--H-- n   {10 10 10 2 } {10 10 10 2 } ivec4                       
[   0.066][d][vo/gpu-next/libplacebo]     bgr10a2s             SNORM  4    BGRA ------V--H-- n   {10 10 10 2 } {10 10 10 2 } vec4                        
[   0.066][d][vo/gpu-next/libplacebo]     rgb16hf              FLOAT  6    RGB  ------V--H-- n   {16 16 16 0 } {16 16 16 0 } vec3                        
[   0.066][d][vo/gpu-next/libplacebo]     rgb16i               SINT   6    RGB  ------V--H-- n   {16 16 16 0 } {16 16 16 0 } ivec3                       
[   0.066][d][vo/gpu-next/libplacebo]     rgb16s               SNORM  6    RGB  ------V--H-- n   {16 16 16 0 } {16 16 16 0 } vec3                        
[   0.066][d][vo/gpu-next/libplacebo]     rgb16u               UINT   6    RGB  ------V--H-- n   {16 16 16 0 } {16 16 16 0 } uvec3                       
[   0.066][d][vo/gpu-next/libplacebo]     rgb32f               FLOAT  12   RGB  ------VutHW- n   {32 32 32 0 } {32 32 32 0 } vec3                        
[   0.066][d][vo/gpu-next/libplacebo]     rgb32i               SINT   12   RGB  ------VutHW- n   {32 32 32 0 } {32 32 32 0 } ivec3                       
[   0.066][d][vo/gpu-next/libplacebo]     rgb32u               UINT   12   RGB  ------VutHW- n   {32 32 32 0 } {32 32 32 0 } uvec3                       
[   0.066][d][vo/gpu-next/libplacebo]     rgb8                 UNORM  3    RGB  SsLRbBV--HWG y   {8  8  8  0 } {8  8  8  0 } vec3       rgba8      BG24  
[   0.066][d][vo/gpu-next/libplacebo]     rgb16                UNORM  6    RGB  SsLRbBV--HWG y   {16 16 16 0 } {16 16 16 0 } vec3       rgba16           
[   0.066][d][vo/gpu-next/libplacebo]     r16f                 FLOAT  4    R    SsLRbB---HWG y   {16 0  0  0 } {32 0  0  0 }            r16f             
[   0.066][d][vo/gpu-next/libplacebo]     rg16f                FLOAT  8    RG   SsLRbB---HWG y   {16 16 0  0 } {32 32 0  0 }            rg16f            
[   0.066][d][vo/gpu-next/libplacebo]     rgba16f              FLOAT  16   RGBA SsLRbB---HWG y   {16 16 16 16} {32 32 32 32}            rgba16f          
[   0.066][d][vo/gpu-next/libplacebo]     rgb16f               FLOAT  12   RGB  ---------H-- y   {16 16 16 0 } {32 32 32 0 }                             
[   0.066][d][vo/gpu-next/libplacebo]     g8_b8_r8_420         UNORM  0         ------------ n   {8  8  8  0 } {0  0  0  0 }                       YU12  
[   0.066][d][vo/gpu-next/libplacebo]     g8_b8_r8_422         UNORM  0         ------------ n   {8  8  8  0 } {0  0  0  0 }                       YU16  
[   0.066][d][vo/gpu-next/libplacebo]     g8_b8_r8_444         UNORM  0         ------------ n   {8  8  8  0 } {0  0  0  0 }                       YU24  
[   0.066][d][vo/gpu-next/libplacebo]     g8_br8_420           UNORM  0         ------------ n   {8  8  8  0 } {0  0  0  0 }                       NV12  
[   0.066][d][vo/gpu-next/libplacebo]     g8_br8_422           UNORM  0         ------------ n   {8  8  8  0 } {0  0  0  0 }                       NV16  
[   0.066][d][vo/gpu-next/libplacebo]     g8_br8_444           UNORM  0         ------------ n   {8  8  8  0 } {0  0  0  0 }                       NV24  
[   0.066][d][vo/gpu-next/libplacebo]     gx10_bx10_rx10_420   UNORM  0         ------------ n   {10 10 10 0 } {0  0  0  0 }                             
[   0.066][d][vo/gpu-next/libplacebo]     gx10_bx10_rx10_422   UNORM  0         ------------ n   {10 10 10 0 } {0  0  0  0 }                             
[   0.066][d][vo/gpu-next/libplacebo]     gx10_bx10_rx10_444   UNORM  0         ------------ n   {10 10 10 0 } {0  0  0  0 }                       Q410  
[   0.066][d][vo/gpu-next/libplacebo]     gx10_bxrx10_420      UNORM  0         ------------ n   {10 10 10 0 } {0  0  0  0 }                       P010  
[   0.066][d][vo/gpu-next/libplacebo]     gx10_bxrx10_422      UNORM  0         ------------ n   {10 10 10 0 } {0  0  0  0 }                       P210  
[   0.066][d][vo/gpu-next/libplacebo]     gx10_bxrx10_444      UNORM  0         ------------ n   {10 10 10 0 } {0  0  0  0 }                             
[   0.066][d][vo/gpu-next/libplacebo]     gx12_bx12_rx12_420   UNORM  0         ------------ n   {12 12 12 0 } {0  0  0  0 }                             
[   0.066][d][vo/gpu-next/libplacebo]     gx12_bx12_rx12_422   UNORM  0         ------------ n   {12 12 12 0 } {0  0  0  0 }                             
[   0.066][d][vo/gpu-next/libplacebo]     gx12_bx12_rx12_444   UNORM  0         ------------ n   {12 12 12 0 } {0  0  0  0 }                             
[   0.066][d][vo/gpu-next/libplacebo]     gx12_bxrx12_420      UNORM  0         ------------ n   {12 12 12 0 } {0  0  0  0 }                       P012  
[   0.066][d][vo/gpu-next/libplacebo]     gx12_bxrx12_422      UNORM  0         ------------ n   {12 12 12 0 } {0  0  0  0 }                             
[   0.066][d][vo/gpu-next/libplacebo]     gx12_bxrx12_444      UNORM  0         ------------ n   {12 12 12 0 } {0  0  0  0 }                             
[   0.066][d][vo/gpu-next/libplacebo]     g16_b16_r16_420      UNORM  0         ------------ n   {16 16 16 0 } {0  0  0  0 }                             
[   0.066][d][vo/gpu-next/libplacebo]     g16_b16_r16_422      UNORM  0         ------------ n   {16 16 16 0 } {0  0  0  0 }                             
[   0.066][d][vo/gpu-next/libplacebo]     g16_b16_r16_444      UNORM  0         ------------ n   {16 16 16 0 } {0  0  0  0 }                             
[   0.066][d][vo/gpu-next/libplacebo]     g16_br16_420         UNORM  0         ------------ n   {16 16 16 0 } {0  0  0  0 }                       P016  
[   0.066][d][vo/gpu-next/libplacebo]     g16_br16_422         UNORM  0         ------------ n   {16 16 16 0 } {0  0  0  0 }                             
[   0.066][d][vo/gpu-next/libplacebo]     g16_br16_444         UNORM  0         ------------ n   {16 16 16 0 } {0  0  0  0 }                             
[   0.066][v][vo/gpu-next/libplacebo] Available surface configurations:
[   0.066][v][vo/gpu-next/libplacebo]     0: VK_FORMAT_R16G16B16A16_SFLOAT            VK_COLOR_SPACE_SRGB_NONLINEAR_KHR
[   0.066][v][vo/gpu-next/libplacebo]     1: VK_FORMAT_R16G16B16A16_UNORM             VK_COLOR_SPACE_SRGB_NONLINEAR_KHR
[   0.066][v][vo/gpu-next/libplacebo]     2: VK_FORMAT_A2R10G10B10_UNORM_PACK32       VK_COLOR_SPACE_SRGB_NONLINEAR_KHR
[   0.066][v][vo/gpu-next/libplacebo]     3: VK_FORMAT_A2B10G10R10_UNORM_PACK32       VK_COLOR_SPACE_SRGB_NONLINEAR_KHR
[   0.066][v][vo/gpu-next/libplacebo]     4: VK_FORMAT_B8G8R8A8_SRGB                  VK_COLOR_SPACE_SRGB_NONLINEAR_KHR
[   0.066][v][vo/gpu-next/libplacebo]     5: VK_FORMAT_B8G8R8A8_UNORM                 VK_COLOR_SPACE_SRGB_NONLINEAR_KHR
[   0.066][v][vo/gpu-next/libplacebo]     6: VK_FORMAT_R8G8B8A8_SRGB                  VK_COLOR_SPACE_SRGB_NONLINEAR_KHR
[   0.066][v][vo/gpu-next/libplacebo]     7: VK_FORMAT_R8G8B8A8_UNORM                 VK_COLOR_SPACE_SRGB_NONLINEAR_KHR
[   0.066][v][vo/gpu-next/libplacebo]     8: VK_FORMAT_R5G6B5_UNORM_PACK16            VK_COLOR_SPACE_SRGB_NONLINEAR_KHR
[   0.066][v][vo/gpu-next/libplacebo]     9: VK_FORMAT_R16G16B16A16_SFLOAT            VK_COLOR_SPACE_PASS_THROUGH_EXT
[   0.066][v][vo/gpu-next/libplacebo]     10: VK_FORMAT_R16G16B16A16_UNORM             VK_COLOR_SPACE_PASS_THROUGH_EXT
[   0.066][v][vo/gpu-next/libplacebo]     11: VK_FORMAT_A2R10G10B10_UNORM_PACK32       VK_COLOR_SPACE_PASS_THROUGH_EXT
[   0.066][v][vo/gpu-next/libplacebo]     12: VK_FORMAT_A2B10G10R10_UNORM_PACK32       VK_COLOR_SPACE_PASS_THROUGH_EXT
[   0.066][v][vo/gpu-next/libplacebo]     13: VK_FORMAT_B8G8R8A8_SRGB                  VK_COLOR_SPACE_PASS_THROUGH_EXT
[   0.066][v][vo/gpu-next/libplacebo]     14: VK_FORMAT_B8G8R8A8_UNORM                 VK_COLOR_SPACE_PASS_THROUGH_EXT
[   0.066][v][vo/gpu-next/libplacebo]     15: VK_FORMAT_R8G8B8A8_SRGB                  VK_COLOR_SPACE_PASS_THROUGH_EXT
[   0.066][v][vo/gpu-next/libplacebo]     16: VK_FORMAT_R8G8B8A8_UNORM                 VK_COLOR_SPACE_PASS_THROUGH_EXT
[   0.066][v][vo/gpu-next/libplacebo]     17: VK_FORMAT_R5G6B5_UNORM_PACK16            VK_COLOR_SPACE_PASS_THROUGH_EXT
[   0.066][v][vo/gpu-next/libplacebo] Picked surface configuration 3: VK_FORMAT_A2B10G10R10_UNORM_PACK32 + VK_COLOR_SPACE_SRGB_NONLINEAR_KHR
[   0.066][d][global] config path: 'cache/shaders_cache' -> '/home/waltz/.config/mpv/cache/shaders_cache'
[   0.066][d][global] user path: '~~/cache/shaders_cache' -> '/home/waltz/.config/mpv/cache/shaders_cache'
[   0.066][d][global] cache path: '' -> '/home/waltz/.cache/mpv'
[   0.066][d][vo/gpu-next] Render options updated, resetting render state.
[   0.067][v][vo/gpu-next] Assuming 60.000000 FPS for display sync.
[   0.067][v][vo/gpu-next] reconfig to 960x540 rgba rgb/bt.709/srgb/full/display CL=mpeg1/jpeg
[   0.067][v][vo/gpu-next/wayland] Reconfiguring!
[   0.067][d][vo/gpu-next] max content size: 1920x1080
[   0.067][d][vo/gpu-next] monitor size: 1920x1080
[   0.067][v][vo/gpu-next] Window size: 960x540 (Borders: l=0 t=0 r=0 b=0)
[   0.067][v][vo/gpu-next] Video source: 960x540 (1:1)
[   0.067][v][vo/gpu-next] Video display: (0, 0) 960x540 -> (0, 0) 960x540
[   0.067][v][vo/gpu-next] Video scale: 1.000000/1.000000
[   0.067][v][vo/gpu-next] OSD borders: l=0 t=0 r=0 b=0
[   0.067][v][vo/gpu-next] Video borders: l=0 t=0 r=0 b=0
[   0.067][v][vo/gpu-next/wayland] Handling resize on the vk side
[   0.067][d][vo/gpu-next/libplacebo] Requested alpha compositing mode: VK_COMPOSITE_ALPHA_PRE_MULTIPLIED_BIT_KHR
[   0.067][d][vo/gpu-next/libplacebo] Requested surface transform: VK_SURFACE_TRANSFORM_IDENTITY_BIT_KHR
[   0.067][d][vo/gpu-next/libplacebo] Requested image count: 3 (min 4 max 0)
[   0.067][d][vo/gpu-next/libplacebo] Requested image size: 960x540 (min 1x1 < cur -1x-1 < max 16384x16384)
[   0.067][d][vo/gpu-next/libplacebo] (Re)creating swapchain of size 960x540
[   0.067][v][vo/gpu-next] Window size: 960x540 (Borders: l=0 t=0 r=0 b=0)
[   0.067][v][vo/gpu-next] Video source: 960x540 (1:1)
[   0.067][v][vo/gpu-next] Video display: (0, 0) 960x540 -> (0, 0) 960x540
[   0.067][v][vo/gpu-next] Video scale: 1.000000/1.000000
[   0.067][v][vo/gpu-next] OSD borders: l=0 t=0 r=0 b=0
[   0.067][v][vo/gpu-next] Video borders: l=0 t=0 r=0 b=0
[   0.068][v][vo/gpu-next/wayland] Surface entered output Unknown Unknown (HDMI-A-1) (0x38), scale = 1.000000, refresh rate = 60.000000 Hz
[   0.068][v][vo/gpu-next/wayland] Given data offer with mime type text/plain;charset=utf-8
[   0.068][v][vo/gpu-next/wayland] Resizing due to xdg from 960x540 to 844x1030
[   0.071][v][vo/gpu-next/wayland] Read 51 bytes from the data offer fd
[   0.071][v][vo/gpu-next/wayland] Handling resize on the vk side
[   0.071][d][vo/gpu-next/libplacebo] Requested alpha compositing mode: VK_COMPOSITE_ALPHA_PRE_MULTIPLIED_BIT_KHR
[   0.071][d][vo/gpu-next/libplacebo] Requested surface transform: VK_SURFACE_TRANSFORM_IDENTITY_BIT_KHR
[   0.071][d][vo/gpu-next/libplacebo] Requested image count: 4 (min 4 max 0)
[   0.071][d][vo/gpu-next/libplacebo] Requested image size: 844x1030 (min 1x1 < cur -1x-1 < max 16384x16384)
[   0.071][d][vo/gpu-next/libplacebo] (Re)creating swapchain of size 844x1030
[   0.071][v][vo/gpu-next] Window size: 844x1030 (Borders: l=0 t=0 r=0 b=0)
[   0.071][v][vo/gpu-next] Video source: 960x540 (1:1)
[   0.071][v][vo/gpu-next] Video display: (0, 0) 960x540 -> (0, 278) 844x474
[   0.071][v][vo/gpu-next] Video scale: 0.879167/0.877778
[   0.071][v][vo/gpu-next] OSD borders: l=0 t=278 r=0 b=278
[   0.071][v][vo/gpu-next] Video borders: l=0 t=278 r=0 b=278
[   0.072][d][global] config path: 'fonts' -> '/home/waltz/.config/mpv/fonts'
[   0.072][d][osd/libass] ASS library version: 0x1704000 (runtime 0x1704000)
[   0.072][v][osd/libass] libass API version: 0x1704000
[   0.072][v][osd/libass] libass source: tarball: 0.17.4
[   0.072][v][osd/libass] Shaper: FriBidi 1.0.16 (SIMPLE) HarfBuzz-ng 13.2.1 (COMPLEX)
[   0.072][d][global] config path: 'subfont.ttf' -/-> '/home/waltz/.config/mpv/subfont.ttf'
[   0.072][d][global] config path: 'subfont.ttf' -/-> '/home/waltz/.mpv/subfont.ttf'
[   0.072][d][global] config path: 'subfont.ttf' -/-> '/etc/mpv/subfont.ttf'
[   0.072][d][global] config path: 'fonts.conf' -/-> '/home/waltz/.config/mpv/fonts.conf'
[   0.072][d][global] config path: 'fonts.conf' -/-> '/home/waltz/.mpv/fonts.conf'
[   0.072][d][global] config path: 'fonts.conf' -/-> '/etc/mpv/fonts.conf'
[   0.072][v][osd/libass] Setting up fonts...
[   0.074][v][osd/libass] Loading font file '/home/waltz/.config/mpv/fonts/NotoEmoji-Regular.ttf'
[   0.074][v][osd/libass] Loading font file '/home/waltz/.config/mpv/fonts/modernz-icons.ttf'
[   0.074][v][osd/libass] Loading font file '/home/waltz/.config/mpv/fonts/uosc_icons.otf'
[   0.074][v][osd/libass] Loading font file '/home/waltz/.config/mpv/fonts/NotoSerifCJK-Bold.ttc'
[   0.082][v][osd/libass] Loading font file '/home/waltz/.config/mpv/fonts/CaskaydiaMonoNerdFont-SemiLight.ttf'
[   0.084][v][osd/libass] Loading font file '/home/waltz/.config/mpv/fonts/NotoSansCJK-Bold.ttc'
[   0.089][v][osd/libass] Loading font file '/home/waltz/.config/mpv/fonts/uosc_textures.ttf'
[   0.089][v][osd/libass] Loading font file '/home/waltz/.config/mpv/fonts/DreamHanSans-W20.ttc'
[   0.103][v][osd/libass] Using font provider fontconfig
[   0.103][v][osd/libass] Done.
[   0.103][d][cplayer] Run command: notify-property, flags=73, args=[property="clipboard"]
[   0.105][d][cplayer] Run command: script-message-to, flags=64, args=[target="thumb_engine", args="clear"]
[   0.105][v][cplayer] Can't find script 'thumb_engine' to send message to.
[   0.106][d][global] config path: 'fonts' -> '/home/waltz/.config/mpv/fonts'
[   0.106][d][osd/libass] ASS library version: 0x1704000 (runtime 0x1704000)
[   0.106][v][osd/libass] libass API version: 0x1704000
[   0.106][v][osd/libass] libass source: tarball: 0.17.4
[   0.106][v][osd/libass] Shaper: FriBidi 1.0.16 (SIMPLE) HarfBuzz-ng 13.2.1 (COMPLEX)
[   0.106][d][global] config path: 'subfont.ttf' -/-> '/home/waltz/.config/mpv/subfont.ttf'
[   0.106][d][global] config path: 'subfont.ttf' -/-> '/home/waltz/.mpv/subfont.ttf'
[   0.106][d][global] config path: 'subfont.ttf' -/-> '/etc/mpv/subfont.ttf'
[   0.106][d][global] config path: 'fonts.conf' -/-> '/home/waltz/.config/mpv/fonts.conf'
[   0.106][d][global] config path: 'fonts.conf' -/-> '/home/waltz/.mpv/fonts.conf'
[   0.106][d][global] config path: 'fonts.conf' -/-> '/etc/mpv/fonts.conf'
[   0.106][v][osd/libass] Setting up fonts...
[   0.108][v][osd/libass] Loading font file '/home/waltz/.config/mpv/fonts/NotoEmoji-Regular.ttf'
[   0.108][v][osd/libass] Loading font file '/home/waltz/.config/mpv/fonts/modernz-icons.ttf'
[   0.108][v][osd/libass] Loading font file '/home/waltz/.config/mpv/fonts/uosc_icons.otf'
[   0.108][v][osd/libass] Loading font file '/home/waltz/.config/mpv/fonts/NotoSerifCJK-Bold.ttc'
[   0.114][v][osd/libass] Loading font file '/home/waltz/.config/mpv/fonts/CaskaydiaMonoNerdFont-SemiLight.ttf'
[   0.115][v][osd/libass] Loading font file '/home/waltz/.config/mpv/fonts/NotoSansCJK-Bold.ttc'
[   0.119][v][osd/libass] Loading font file '/home/waltz/.config/mpv/fonts/uosc_textures.ttf'
[   0.119][v][osd/libass] Loading font file '/home/waltz/.config/mpv/fonts/DreamHanSans-W20.ttc'
[   0.121][d][vo/gpu-next/wayland] Presentation was done with a copy.
[   0.129][v][osd/libass] Using font provider fontconfig
[   0.129][v][osd/libass] Done.
[   0.129][v][cplayer] Set property: user-data/osc/margins={"l":0,"b":0.038835,"r":0,"t":0} -> 1
[   0.129][v][osd/libass] fontselect: (Noto Sans Mono CJK SC, 400, 0) -> /nix/store/wi8qvgc6dhkbpqy50x80xqa9nfiwm16d-noto-fonts-cjk-sans-2.004/share/fonts/opentype/noto-cjk/NotoSansMonoCJK-VF.otf.ttc, 2, NotoSansMonoCJKsc-Regular
[   0.130][v][osd/libass] fontselect: (sans-serif, 400, 0) -> /nix/store/71mxn2pyq807r32qsd2mdszkajhlb39q-dejavu-fonts-2.37/share/fonts/truetype/DejaVuSans.ttf, 0, DejaVuSans
[   0.130][v][osd/libass] fontselect: (MaterialIconsRound-Regular, 400, 0) -> MaterialIconsRound-Regular, 0, MaterialIconsRound-Regular
[   0.130][d][vo/gpu-next/libplacebo] (Re)creating 256x102x0 texture with format r8: unknown
[   0.130][d][vo/gpu-next/libplacebo] Allocating 262144 memory of type 0x7 (id 3) in heap 1: unknown
[   0.130][d][vo/gpu-next/libplacebo] Memory types supported by device:
[   0.130][d][vo/gpu-next/libplacebo]     0: flags 0x1 heap 1
[   0.130][d][vo/gpu-next/libplacebo]     1: flags 0x1 heap 1
[   0.130][d][vo/gpu-next/libplacebo]     2: flags 0x6 heap 0
[   0.130][d][vo/gpu-next/libplacebo]     3: flags 0x7 heap 1
[   0.130][d][vo/gpu-next/libplacebo]     4: flags 0x7 heap 1
[   0.130][d][vo/gpu-next/libplacebo]     5: flags 0xe heap 0
[   0.130][d][vo/gpu-next/libplacebo]     6: flags 0xe heap 0
[   0.130][d][vo/gpu-next/libplacebo]     7: flags 0xc1 heap 1
[   0.130][d][vo/gpu-next/libplacebo]     8: flags 0xc6 heap 0
[   0.130][d][vo/gpu-next/libplacebo]     9: flags 0xc7 heap 1
[   0.130][d][vo/gpu-next/libplacebo]     10: flags 0xce heap 0
[   0.130][d][vo/gpu-next/libplacebo] Spent 0.058 ms allocating slab
[   0.130][d][cplayer] Run command: define-section, flags=64, args=[name="input_uosc", contents="", flags="default"]
[   0.130][d][cplayer] Run command: enable-section, flags=64, args=[name="input_uosc", flags="allow-hide-cursor+allow-vo-dragging"]
[   0.130][d][vo/gpu-next/libplacebo] vertex shader source:
[   0.130][d][vo/gpu-next/libplacebo] [  1] #version 450
[   0.130][d][vo/gpu-next/libplacebo] [  2] #extension GL_KHR_shader_subgroup_basic : enable 
[   0.130][d][vo/gpu-next/libplacebo] [  3] #extension GL_KHR_shader_subgroup_vote : enable 
[   0.130][d][vo/gpu-next/libplacebo] [  4] #extension GL_KHR_shader_subgroup_arithmetic : enable 
[   0.130][d][vo/gpu-next/libplacebo] [  5] #extension GL_KHR_shader_subgroup_ballot : enable 
[   0.130][d][vo/gpu-next/libplacebo] [  6] #extension GL_KHR_shader_subgroup_shuffle : enable 
[   0.130][d][cplayer] Run command: define-section, flags=64, args=[name="input_forced_uosc", contents="", flags="force"]
[   0.130][d][vo/gpu-next/libplacebo] [  7] #extension GL_KHR_shader_subgroup_clustered : enable 
[   0.130][d][vo/gpu-next/libplacebo] [  8] #extension GL_KHR_shader_subgroup_quad : enable 
[   0.130][d][vo/gpu-next/libplacebo] [  9] #extension GL_ARB_texture_gather : enable
[   0.130][d][vo/gpu-next/libplacebo] [ 10] layout(std430, push_constant) uniform PushC {
[   0.130][d][vo/gpu-next/libplacebo] [ 11]     layout(offset=0) mat3 _5;
[   0.130][d][vo/gpu-next/libplacebo] [ 12]     layout(offset=48) mat3 _6;
[   0.130][d][vo/gpu-next/libplacebo] [ 13] };
[   0.130][d][vo/gpu-next/libplacebo] [ 14] layout(constant_id=0) const float _3 = 1; 
[   0.130][d][vo/gpu-next/libplacebo] [ 15] layout(constant_id=1) const float _4 = 1; 
[   0.130][d][vo/gpu-next/libplacebo] [ 16] layout(constant_id=2) const float _7 = 1; 
[   0.130][d][vo/gpu-next/libplacebo] [ 17] layout(constant_id=3) const float _8 = 1; 
[   0.130][d][vo/gpu-next/libplacebo] [ 18] layout(binding=0) uniform  sampler2D _2;
[   0.130][d][vo/gpu-next/libplacebo] [ 19] layout(location=0) in vec2 _e;
[   0.130][d][vo/gpu-next/libplacebo] [ 20] layout(location=1) in vec2 _f;
[   0.130][d][vo/gpu-next/libplacebo] [ 21] layout(location=1) out vec2 _b;
[   0.130][d][vo/gpu-next/libplacebo] [ 22] layout(location=2) in vec4 _10;
[   0.130][d][vo/gpu-next/libplacebo] [ 23] layout(location=2) out vec4 _c;
[   0.130][d][vo/gpu-next/libplacebo] [ 24] void main() {
[   0.130][d][vo/gpu-next/libplacebo] [ 25] vec2 va_pos = _e; 
[   0.130][d][vo/gpu-next/libplacebo] [ 26] gl_Position = vec4(va_pos, 0.0, 1.0); 
[   0.130][d][vo/gpu-next/libplacebo] [ 27] _b = _f;
[   0.130][d][vo/gpu-next/libplacebo] [ 28] _c = _10;
[   0.130][d][vo/gpu-next/libplacebo] [ 29] }
[   0.130][d][vo/gpu-next/libplacebo] fragment shader source:
[   0.130][d][vo/gpu-next/libplacebo] [  1] #version 450
[   0.130][d][vo/gpu-next/libplacebo] [  2] #extension GL_KHR_shader_subgroup_basic : enable 
[   0.130][d][vo/gpu-next/libplacebo] [  3] #extension GL_KHR_shader_subgroup_vote : enable 
[   0.130][d][vo/gpu-next/libplacebo] [  4] #extension GL_KHR_shader_subgroup_arithmetic : enable 
[   0.130][d][vo/gpu-next/libplacebo] [  5] #extension GL_KHR_shader_subgroup_ballot : enable 
[   0.130][d][vo/gpu-next/libplacebo] [  6] #extension GL_KHR_shader_subgroup_shuffle : enable 
[   0.130][d][vo/gpu-next/libplacebo] [  7] #extension GL_KHR_shader_subgroup_clustered : enable 
[   0.130][d][vo/gpu-next/libplacebo] [  8] #extension GL_KHR_shader_subgroup_quad : enable 
[   0.130][d][vo/gpu-next/libplacebo] [  9] #extension GL_ARB_texture_gather : enable
[   0.130][d][vo/gpu-next/libplacebo] [ 10] layout(std430, push_constant) uniform PushC {
[   0.130][d][vo/gpu-next/libplacebo] [ 11]     layout(offset=0) mat3 _5;
[   0.130][d][vo/gpu-next/libplacebo] [ 12]     layout(offset=48) mat3 _6;
[   0.130][d][vo/gpu-next/libplacebo] [ 13] };
[   0.130][d][vo/gpu-next/libplacebo] [ 14] layout(constant_id=0) const float _3 = 1; 
[   0.130][d][vo/gpu-next/libplacebo] [ 15] layout(constant_id=1) const float _4 = 1; 
[   0.130][d][vo/gpu-next/libplacebo] [ 16] layout(constant_id=2) const float _7 = 1; 
[   0.130][d][vo/gpu-next/libplacebo] [ 17] layout(constant_id=3) const float _8 = 1; 
[   0.130][d][vo/gpu-next/libplacebo] [ 18] layout(binding=0) uniform  sampler2D _2;
[   0.130][d][vo/gpu-next/libplacebo] [ 19] layout(location=1) in vec2 _b;
[   0.130][d][vo/gpu-next/libplacebo] [ 20] layout(location=2) in vec4 _c;
[   0.130][d][vo/gpu-next/libplacebo] [ 21] layout(location=0) out vec4 out_color;
[   0.130][d][vo/gpu-next/libplacebo] [ 22] #define pos _a
[   0.130][d][vo/gpu-next/libplacebo] [ 23] #define coord _b
[   0.130][d][vo/gpu-next/libplacebo] [ 24] #define osd_color _c
[   0.130][d][vo/gpu-next/libplacebo] [ 25] 
[   0.130][d][vo/gpu-next/libplacebo] [ 26] vec4 _1() {
[   0.130][d][vo/gpu-next/libplacebo] [ 27] // overlay 
[   0.130][d][vo/gpu-next/libplacebo] [ 28] vec4 color = osd_color; 
[   0.130][d][vo/gpu-next/libplacebo] [ 29] // pl_shader_decode_color 
[   0.130][d][vo/gpu-next/libplacebo] [ 30] { 
[   0.130][d][vo/gpu-next/libplacebo] [ 31] }
[   0.130][d][vo/gpu-next/libplacebo] [ 32] // pl_shader_color_map 
[   0.130][d][vo/gpu-next/libplacebo] [ 33] {                      
[   0.130][d][vo/gpu-next/libplacebo] [ 34] // pl_shader_linearize           
[   0.130][d][vo/gpu-next/libplacebo] [ 35] color.rgb = max(color.rgb, 0.0); 
[   0.130][d][vo/gpu-next/libplacebo] [ 36] color.rgb = mix(color.rgb * vec3(1.0/12.92),               
[   0.130][d][vo/gpu-next/libplacebo] [ 37]                 pow((color.rgb + vec3(0.055))/vec3(1.055), 
[   0.130][d][vo/gpu-next/libplacebo] [ 38]                     vec3(2.4)),                            
[   0.130][d][vo/gpu-next/libplacebo] [ 39]                 lessThan(vec3(0.04045), color.rgb));       
[   0.130][d][vo/gpu-next/libplacebo] [ 40] color.rgb = _4 * color.rgb + vec3(_3); 
[   0.130][d][vo/gpu-next/libplacebo] [ 41] // pl_shader_delinearize 
[   0.130][d][vo/gpu-next/libplacebo] [ 42] color.rgb = _8 * color.rgb + vec3(_7); 
[   0.130][d][vo/gpu-next/libplacebo] [ 43] color.rgb = max(color.rgb, 0.0); 
[   0.130][d][vo/gpu-next/libplacebo] [ 44] color.rgb = pow(color.rgb, vec3(1.0/2.2));
[   0.130][d][vo/gpu-next/libplacebo] [ 45] }
[   0.130][d][vo/gpu-next/libplacebo] [ 46] // pl_shader_encode_color 
[   0.130][d][vo/gpu-next/libplacebo] [ 47] { 
[   0.130][d][vo/gpu-next/libplacebo] [ 48] color.rgb *= vec3(color.a); 
[   0.130][d][vo/gpu-next/libplacebo] [ 49] }
[   0.130][d][vo/gpu-next/libplacebo] [ 50] color.rgba *= textureLod(_2, coord, 0.0).r; 
[   0.130][d][vo/gpu-next/libplacebo] [ 51] vec4 _9 = color;                 
[   0.130][d][vo/gpu-next/libplacebo] [ 52] color = vec4(0.0, 0.0, 0.0, 1.0); 
[   0.130][d][vo/gpu-next/libplacebo] [ 53] color[0] = _9[0]; 
[   0.130][d][vo/gpu-next/libplacebo] [ 54] color[1] = _9[1]; 
[   0.130][d][vo/gpu-next/libplacebo] [ 55] color[2] = _9[2]; 
[   0.130][d][vo/gpu-next/libplacebo] [ 56] color[3] = _9[3]; 
[   0.130][d][vo/gpu-next/libplacebo] [ 57] color.a = _9.a; 
[   0.131][d][vo/gpu-next/libplacebo] [ 58] return color;
[   0.131][d][vo/gpu-next/libplacebo] [ 59] }
[   0.131][d][vo/gpu-next/libplacebo] [ 60] 
[   0.131][d][vo/gpu-next/libplacebo] [ 61] void main() {
[   0.131][d][vo/gpu-next/libplacebo] [ 62] out_color = _1();
[   0.131][d][vo/gpu-next/libplacebo] [ 63] }
[   0.131][d][vo/gpu-next/libplacebo] Specialization constant values:
[   0.131][d][vo/gpu-next/libplacebo]   constant_id=0: 0.001000
[   0.131][d][vo/gpu-next/libplacebo]   constant_id=1: 0.999000
[   0.131][d][vo/gpu-next/libplacebo]   constant_id=2: -0.001001
[   0.131][d][vo/gpu-next/libplacebo]   constant_id=3: 1.001001
[   0.131][d][cplayer] Run command: enable-section, flags=64, args=[name="input_forced_uosc", flags="allow-hide-cursor+allow-vo-dragging"]
[   0.131][d][vo/gpu-next] cache_load_obj: key(193c47ccd0c7f341), size(864), load time(0.016 ms)
[   0.131][d][vo/gpu-next/libplacebo] Re-using cached SPIR-V object 0x193c47ccd0c7f341
[   0.131][d][vo/gpu-next] cache_load_obj: key(d1940a4b0c250900), size(2644), load time(0.006 ms)
[   0.131][d][vo/gpu-next/libplacebo] Re-using cached SPIR-V object 0xd1940a4b0c250900
[   0.131][d][vo/gpu-next] cache_load_obj: key(9166601f5630bfdc), size(3560), load time(0.007 ms)
[   0.131][d][vo/gpu-next/libplacebo] Spent 0.005 ms compiling shader
[   0.131][d][vo/gpu-next] cache_save_obj: key(193c47ccd0c7f341), size(864)
[   0.131][d][vo/gpu-next] cache_save_obj: key(d1940a4b0c250900), size(2644)
[   0.131][d][vo/gpu-next/libplacebo] Spent 0.053 ms creating pipeline
[   0.131][d][vo/gpu-next] cache_save_obj: key(9166601f5630bfdc), size(3560)
[   0.131][d][vo/gpu-next/libplacebo] Pass statistics: size 0, SPIR-V: vert 0 frag 0 comp 0
[   0.131][d][vo/gpu-next/libplacebo] Allocating 261888 memory of type 0x7 (id 3) in heap 1: ../src/gpu/utils.c:1175
[   0.131][d][vo/gpu-next/libplacebo] Memory types supported by device:
[   0.131][d][vo/gpu-next/libplacebo]     0: flags 0x1 heap 1
[   0.131][d][vo/gpu-next/libplacebo]     1: flags 0x1 heap 1
[   0.131][d][vo/gpu-next/libplacebo]     2: flags 0x6 heap 0
[   0.131][d][vo/gpu-next/libplacebo]     3: flags 0x7 heap 1
[   0.131][d][vo/gpu-next/libplacebo]     4: flags 0x7 heap 1
[   0.131][d][vo/gpu-next/libplacebo]     5: flags 0xe heap 0
[   0.131][d][vo/gpu-next/libplacebo]     6: flags 0xe heap 0
[   0.131][d][vo/gpu-next/libplacebo]     7: flags 0xc1 heap 1
[   0.131][d][vo/gpu-next/libplacebo]     8: flags 0xc6 heap 0
[   0.131][d][vo/gpu-next/libplacebo]     9: flags 0xc7 heap 1
[   0.131][d][vo/gpu-next/libplacebo]     10: flags 0xce heap 0
[   0.131][d][vo/gpu-next/libplacebo] Spent 0.032 ms allocating slab
[   0.689][d][cplayer] Run command: script-message-to, flags=73, args=[target="uosc", args="open-file"]
[   0.689][v][cplayer] Set property: user-data/uosc/menu/type="open-file" -> 1
[   0.690][d][global] config path: 'fonts' -> '/home/waltz/.config/mpv/fonts'
[   0.690][d][osd/libass] ASS library version: 0x1704000 (runtime 0x1704000)
[   0.690][v][osd/libass] libass API version: 0x1704000
[   0.690][v][osd/libass] libass source: tarball: 0.17.4
[   0.690][v][osd/libass] Shaper: FriBidi 1.0.16 (SIMPLE) HarfBuzz-ng 13.2.1 (COMPLEX)
[   0.690][d][global] config path: 'subfont.ttf' -/-> '/home/waltz/.config/mpv/subfont.ttf'
[   0.690][d][global] config path: 'subfont.ttf' -/-> '/home/waltz/.mpv/subfont.ttf'
[   0.690][d][global] config path: 'subfont.ttf' -/-> '/etc/mpv/subfont.ttf'
[   0.690][d][global] config path: 'fonts.conf' -/-> '/home/waltz/.config/mpv/fonts.conf'
[   0.690][d][global] config path: 'fonts.conf' -/-> '/home/waltz/.mpv/fonts.conf'
[   0.690][d][global] config path: 'fonts.conf' -/-> '/etc/mpv/fonts.conf'
[   0.690][v][osd/libass] Setting up fonts...
[   0.691][v][osd/libass] Loading font file '/home/waltz/.config/mpv/fonts/NotoEmoji-Regular.ttf'
[   0.691][v][osd/libass] Loading font file '/home/waltz/.config/mpv/fonts/modernz-icons.ttf'
[   0.691][v][osd/libass] Loading font file '/home/waltz/.config/mpv/fonts/uosc_icons.otf'
[   0.691][v][osd/libass] Loading font file '/home/waltz/.config/mpv/fonts/NotoSerifCJK-Bold.ttc'
[   0.699][v][osd/libass] Loading font file '/home/waltz/.config/mpv/fonts/CaskaydiaMonoNerdFont-SemiLight.ttf'
[   0.699][v][osd/libass] Loading font file '/home/waltz/.config/mpv/fonts/NotoSansCJK-Bold.ttc'
[   0.703][v][osd/libass] Loading font file '/home/waltz/.config/mpv/fonts/uosc_textures.ttf'
[   0.703][v][osd/libass] Loading font file '/home/waltz/.config/mpv/fonts/DreamHanSans-W20.ttc'
[   0.713][v][osd/libass] Using font provider fontconfig
[   0.713][v][osd/libass] Done.
[   0.714][v][osd/libass] fontselect: (Noto Sans Mono CJK SC, 400, 0) -> /nix/store/wi8qvgc6dhkbpqy50x80xqa9nfiwm16d-noto-fonts-cjk-sans-2.004/share/fonts/opentype/noto-cjk/NotoSansMonoCJK-VF.otf.ttc, 2, NotoSansMonoCJKsc-Regular
[   0.714][v][osd/libass] fontselect: (sans-serif, 400, 0) -> /nix/store/71mxn2pyq807r32qsd2mdszkajhlb39q-dejavu-fonts-2.37/share/fonts/truetype/DejaVuSans.ttf, 0, DejaVuSans
[   0.714][v][osd/libass] fontselect: (Noto Sans Mono CJK SC, 700, 0) -> NotoSansMonoCJKsc-Bold, 7, NotoSansMonoCJKsc-Bold
[   0.714][d][cplayer] Run command: list, flags=0, args=[]
[   0.714][d][cplayer] Run command: add, flags=72, args=[name="volume", value="1.000000"]
[   0.714][v][cplayer] Set property: volume -> 1
[   0.714][d][cplayer] Run command: script-message-to, flags=73, args=[target="uosc", args="flash-volume"]
[   0.718][d][cplayer] Run command: define-section, flags=64, args=[name="input_uosc", contents="", flags="default"]
[   0.718][d][cplayer] Run command: enable-section, flags=64, args=[name="input_uosc", flags="allow-hide-cursor+allow-vo-dragging"]
[   0.718][d][cplayer] Run command: define-section, flags=64, args=[name="input_forced_uosc", contents="/ nonscalable script-binding uosc/menu-/\nkp_divide nonscalable script-binding uosc/menu-kp_divide\nmbtn_back nonscalable script-binding uosc/menu-mbtn_back\nctrl+f nonscalable script-binding uosc/menu-ctrl+f\nctrl+v nonscalable script-binding uosc/menu-ctrl+v\nctrl+c nonscalable script-binding uosc/menu-ctrl+c\nup nonscalable script-binding uosc/menu-up\nalt+up nonscalable script-binding uosc/menu-alt+up\nalt+ctrl+up nonscalable script-binding uosc/menu-alt+ctrl+up\nalt+shift+up nonscalable script-binding uosc/menu-alt+shift+up\nalt+ctrl+shift+up nonscalable script-binding uosc/menu-alt+ctrl+shift+up\nctrl+up nonscalable script-binding uosc/menu-ctrl+up\nctrl+shift+up nonscalable script-binding uosc/menu-ctrl+shift+up\nshift+up nonscalable script-binding uosc/menu-shift+up\ndown nonscalable script-binding uosc/menu-down\nalt+down nonscalable script-binding uosc/menu-alt+down\nalt+ctrl+down nonscalable script-binding uosc/menu-alt+ctrl+down\nalt+shift+down nonscalable script-binding uosc/menu-alt+shift+down\nalt+ctrl+shift+down nonscalable script-binding uosc/menu-alt+ctrl+shift+down\nctrl+down nonscalable script-binding uosc/menu-ctrl+down\nctrl+shift+down nonscalable script-binding uosc/menu-ctrl+shift+down\nshift+down nonscalable script-binding uosc/menu-shift+down\nleft nonscalable script-binding uosc/menu-left\nalt+left nonscalable script-binding uosc/menu-alt+left\nalt+ctrl+left nonscalable script-binding uosc/menu-alt+ctrl+left\nalt+shift+left nonscalable script-binding uosc/menu-alt+shift+left\nalt+ctrl+shift+left nonscalable script-binding uosc/menu-alt+ctrl+shift+left\nctrl+left nonscalable script-binding uosc/menu-ctrl+left\nctrl+shift+left nonscalable script-binding uosc/menu-ctrl+shift+left\nshift+left nonscalable script-binding uosc/menu-shift+left\nright nonscalable script-binding uosc/menu-right\nalt+right nonscalable script-binding uosc/menu-alt+right\nalt+ctrl+right nonscalable script-binding uosc/menu-alt+ctrl+right\nalt+shift+right nonscalable script-binding uosc/menu-alt+shift+right\nalt+ctrl+shift+right nonscalable script-binding uosc/menu-alt+ctrl+shift+right\nctrl+right nonscalable script-binding uosc/menu-ctrl+right\nctrl+shift+right nonscalable script-binding uosc/menu-ctrl+shift+right\nshift+right nonscalable script-binding uosc/menu-shift+right\nenter nonscalable script-binding uosc/menu-enter\nalt+enter nonscalable script-binding uosc/menu-alt+enter\nalt+ctrl+enter nonscalable script-binding uosc/menu-alt+ctrl+enter\nalt+shift+enter nonscalable script-binding uosc/menu-alt+shift+enter\nalt+ctrl+shift+enter nonscalable script-binding uosc/menu-alt+ctrl+shift+enter\nctrl+enter nonscalable script-binding uosc/menu-ctrl+enter\nctrl+shift+enter nonscalable script-binding uosc/menu-ctrl+shift+enter\nshift+enter nonscalable script-binding uosc/menu-shift+enter\nkp_enter nonscalable script-binding uosc/menu-kp_enter\nalt+kp_enter nonscalable script-binding uosc/menu-alt+kp_enter\nalt+ctrl+kp_enter nonscalable script-binding uosc/menu-alt+ctrl+kp_enter\nalt+shift+kp_enter nonscalable script-binding uosc/menu-alt+shift+kp_enter\nalt+ctrl+shift+kp_enter nonscalable script-binding uosc/menu-alt+ctrl+shift+kp_enter\nctrl+kp_enter nonscalable script-binding uosc/menu-ctrl+kp_enter\nctrl+shift+kp_enter nonscalable script-binding uosc/menu-ctrl+shift+kp_enter\nshift+kp_enter nonscalable script-binding uosc/menu-shift+kp_enter\nbs nonscalable script-binding uosc/menu-bs\nalt+bs nonscalable script-binding uosc/menu-alt+bs\nalt+ctrl+bs nonscalable script-binding uosc/menu-alt+ctrl+bs\nalt+shift+bs nonscalable script-binding uosc/menu-alt+shift+bs\nalt+ctrl+shift+bs nonscalable script-binding uosc/menu-alt+ctrl+shift+bs\nctrl+bs nonscalable script-binding uosc/menu-ctrl+bs\nctrl+shift+bs nonscalable script-binding uosc/menu-ctrl+shift+bs\nshift+bs nonscalable script-binding uosc/menu-shift+bs\ntab nonscalable script-binding uosc/menu-tab\nalt+tab nonscalable script-binding uosc/menu-alt+tab\nalt+ctrl+tab nonscalable script-binding uosc/menu-alt+ctrl+tab\nalt+shift+tab nonscalable script-binding uosc/menu-alt+shift+tab\nalt+ctrl+shift+tab nonscalable script-binding uosc/menu-alt+ctrl+shift+tab\nctrl+tab nonscalable script-binding uosc/menu-ctrl+tab\nctrl+shift+tab nonscalable script-binding uosc/menu-ctrl+shift+tab\nshift+tab nonscalable script-binding uosc/menu-shift+tab\nesc nonscalable script-binding uosc/menu-esc\nalt+esc nonscalable script-binding uosc/menu-alt+esc\nalt+ctrl+esc nonscalable script-binding uosc/menu-alt+ctrl+esc\nalt+shift+esc nonscalable script-binding uosc/menu-alt+shift+esc\nalt+ctrl+shift+esc nonscalable script-binding uosc/menu-alt+ctrl+shift+esc\nctrl+esc nonscalable script-binding uosc/menu-ctrl+esc\nctrl+shift+esc nonscalable script-binding uosc/menu-ctrl+shift+esc\nshift+esc nonscalable script-binding uosc/menu-shift+esc\npgup nonscalable script-binding uosc/menu-pgup\nalt+pgup nonscalable script-binding uosc/menu-alt+pgup\nalt+ctrl+pgup nonscalable script-binding uosc/menu-alt+ctrl+pgup\nalt+shift+pgup nonscalable script-binding uosc/menu-alt+shift+pgup\nalt+ctrl+shift+pgup nonscalable script-binding uosc/menu-alt+ctrl+shift+pgup\nctrl+pgup nonscalable script-binding uosc/menu-ctrl+pgup\nctrl+shift+pgup nonscalable script-binding uosc/menu-ctrl+shift+pgup\nshift+pgup nonscalable script-binding uosc/menu-shift+pgup\npgdwn nonscalable script-binding uosc/menu-pgdwn\nalt+pgdwn nonscalable script-binding uosc/menu-alt+pgdwn\nalt+ctrl+pgdwn nonscalable script-binding uosc/menu-alt+ctrl+pgdwn\nalt+shift+pgdwn nonscalable script-binding uosc/menu-alt+shift+pgdwn\nalt+ctrl+shift+pgdwn nonscalable script-binding uosc/menu-alt+ctrl+shift+pgdwn\nctrl+pgdwn nonscalable script-binding uosc/menu-ctrl+pgdwn\nctrl+shift+pgdwn nonscalable script-binding uosc/menu-ctrl+shift+pgdwn\nshift+pgdwn nonscalable script-binding uosc/menu-shift+pgdwn\nhome nonscalable script-binding uosc/menu-home\nalt+home nonscalable script-binding uosc/menu-alt+home\nalt+ctrl+home nonscalable script-binding uosc/menu-alt+ctrl+home\nalt+shift+home nonscalable script-binding uosc/menu-alt+shift+home\nalt+ctrl+shift+home nonscalable script-binding uosc/menu-alt+ctrl+shift+home\nctrl+home nonscalable script-binding uosc/menu-ctrl+home\nctrl+shift+home nonscalable script-binding uosc/menu-ctrl+shift+home\nshift+home nonscalable script-binding uosc/menu-shift+home\nend nonscalable script-binding uosc/menu-end\nalt+end nonscalable script-binding uosc/menu-alt+end\nalt+ctrl+end nonscalable script-binding uosc/menu-alt+ctrl+end\nalt+shift+end nonscalable script-binding uosc/menu-alt+shift+end\nalt+ctrl+shift+end nonscalable script-binding uosc/menu-alt+ctrl+shift+end\nctrl+end nonscalable script-binding uosc/menu-ctrl+end\nctrl+shift+end nonscalable script-binding uosc/menu-ctrl+shift+end\nshift+end nonscalable script-binding uosc/menu-shift+end\ndel nonscalable script-binding uosc/menu-del\nalt+del nonscalable script-binding uosc/menu-alt+del\nalt+ctrl+del nonscalable script-binding uosc/menu-alt+ctrl+del\nalt+shift+del nonscalable script-binding uosc/menu-alt+shift+del\nalt+ctrl+shift+del nonscalable script-binding uosc/menu-alt+ctrl+shift+del\nctrl+del nonscalable script-binding uosc/menu-ctrl+del\nctrl+shift+del nonscalable script-binding uosc/menu-ctrl+shift+del\nshift+del nonscalable script-binding uosc/menu-shift+del\n", flags="force"]
[   0.719][d][cplayer] Run command: enable-section, flags=64, args=[name="input_forced_uosc", flags="allow-hide-cursor+allow-vo-dragging"]
[   0.737][v][osd/libass] fontselect: (Noto Sans Mono CJK SC, 700, 0) -> NotoSansMonoCJKsc-Bold, 7, NotoSansMonoCJKsc-Bold
[   0.741][v][osd/libass] fontselect: (uosc_textures, 400, 0) -> uosc_textures, 0, uosc_textures
[   0.743][d][osd] Spent 7.156 ms in osd_render (slow!)
[   0.743][d][vo/gpu-next/libplacebo] (Re)creating 1022x1674x0 texture with format r8: unknown
[   0.743][d][vo/gpu-next/libplacebo] Allocating 1835008 memory of type 0x7 (id 3) in heap 1: unknown
[   0.743][d][vo/gpu-next/libplacebo] Memory types supported by device:
[   0.743][d][vo/gpu-next/libplacebo]     0: flags 0x1 heap 1
[   0.743][d][vo/gpu-next/libplacebo]     1: flags 0x1 heap 1
[   0.743][d][vo/gpu-next/libplacebo]     2: flags 0x6 heap 0
[   0.743][d][vo/gpu-next/libplacebo]     3: flags 0x7 heap 1
[   0.743][d][vo/gpu-next/libplacebo]     4: flags 0x7 heap 1
[   0.743][d][vo/gpu-next/libplacebo]     5: flags 0xe heap 0
[   0.743][d][vo/gpu-next/libplacebo]     6: flags 0xe heap 0
[   0.743][d][vo/gpu-next/libplacebo]     7: flags 0xc1 heap 1
[   0.743][d][vo/gpu-next/libplacebo]     8: flags 0xc6 heap 0
[   0.743][d][vo/gpu-next/libplacebo]     9: flags 0xc7 heap 1
[   0.743][d][vo/gpu-next/libplacebo]     10: flags 0xce heap 0
[   0.743][d][vo/gpu-next/libplacebo] Spent 0.076 ms allocating slab
[   0.744][d][vo/gpu-next/libplacebo] Allocating 255936 memory of type 0x7 (id 3) in heap 1: ../src/gpu/utils.c:1175
[   0.744][d][vo/gpu-next/libplacebo] Memory types supported by device:
[   0.744][d][vo/gpu-next/libplacebo]     0: flags 0x1 heap 1
[   0.744][d][vo/gpu-next/libplacebo]     1: flags 0x1 heap 1
[   0.744][d][vo/gpu-next/libplacebo]     2: flags 0x6 heap 0
[   0.744][d][vo/gpu-next/libplacebo]     3: flags 0x7 heap 1
[   0.744][d][vo/gpu-next/libplacebo]     4: flags 0x7 heap 1
[   0.744][d][vo/gpu-next/libplacebo]     5: flags 0xe heap 0
[   0.744][d][vo/gpu-next/libplacebo]     6: flags 0xe heap 0
[   0.744][d][vo/gpu-next/libplacebo]     7: flags 0xc1 heap 1
[   0.744][d][vo/gpu-next/libplacebo]     8: flags 0xc6 heap 0
[   0.744][d][vo/gpu-next/libplacebo]     9: flags 0xc7 heap 1
[   0.744][d][vo/gpu-next/libplacebo]     10: flags 0xce heap 0
[   0.744][d][vo/gpu-next/libplacebo] Spent 0.031 ms allocating slab
[   1.889][d][cplayer] Run command: script-binding, flags=329, args=[name="uosc/menu-esc", arg=""]
[   1.991][v][cplayer] Set property: user-data/uosc/menu/type=null -> 1
[   1.991][d][cplayer] Run command: define-section, flags=64, args=[name="input_uosc", contents="", flags="default"]
[   1.991][d][cplayer] Run command: enable-section, flags=64, args=[name="input_uosc", flags="allow-hide-cursor+allow-vo-dragging"]
[   1.991][d][cplayer] Run command: define-section, flags=64, args=[name="input_forced_uosc", contents="", flags="force"]
[   1.991][d][cplayer] Run command: enable-section, flags=64, args=[name="input_forced_uosc", flags="allow-hide-cursor+allow-vo-dragging"]
[   1.993][d][cplayer] Run command: script-binding, flags=329, args=[name="uosc/menu-esc", arg=""]
[   2.088][d][vo/gpu-next/libplacebo] Garbage collected slab of size  256K from pool 0
[   2.088][d][vo/gpu-next/libplacebo] Freeing slab of size  256K
[   2.977][d][cplayer] Run command: quit, flags=64, args=[code="0"]
[   2.977][i][cplayer] Exiting... (Quit)
[   2.977][d][cplayer] Run command: del, flags=64, args=[name="user-data/mpv/console"]
[   2.977][d][sub_export] Destroying client handle...
[   2.977][d][music_reset] Destroying client handle...
[   2.977][d][positioning] Destroying client handle...
[   2.977][d][commands] Destroying client handle...
[   2.977][d][sub_fastwhisper] Destroying client handle...
[   2.977][d][context_menu] Destroying client handle...
[   2.977][d][ytdl_hook] Destroying client handle...
[   2.977][d][mpv_torrserver] Destroying client handle...
[   2.977][d][embedded_lyrics] Destroying client handle...
[   2.978][d][select] Destroying client handle...
[   2.978][d][skip_sponsorblock] Destroying client handle...
[   2.978][d][cut_sub] Destroying client handle...
[   2.978][d][winisland] Destroying client handle...
[   2.978][d][clock] Destroying client handle...
[   2.978][d][chapterskip] Destroying client handle...
[   2.978][d][stats] Destroying client handle...
[   2.978][d][uosc_webdav] Destroying client handle...
[   2.978][d][console] Destroying client handle...
[   2.978][d][uosc_webdav2] Destroying client handle...
[   2.978][d][auto_profiles] Destroying client handle...
[   2.978][d][uosc_history2] Destroying client handle...
[   2.978][d][speed_manager] Destroying client handle...
[   2.978][d][autocopyshot] Destroying client handle...
[   2.978][i][dir_subs] 字幕状态已保存至: /home/waltz/.config/mpv/files/dir_subs.json
[   2.978][d][extract_fonts] Destroying client handle...
[   2.978][d][uosc_history] Destroying client handle...
[   2.978][d][playlistmanager] Destroying client handle...
[   2.978][d][dir_subs] Destroying client handle...
[   2.980][d][uosc_danmaku] Destroying client handle...
[   2.985][d][uosc] Destroying client handle...
[   3.001][d][vo/gpu-next/libplacebo] Waiting for remaining commands...
[   3.002][d][vo/gpu-next/libplacebo] Memory heaps supported by device:
[   3.002][d][vo/gpu-next/libplacebo]     0: flags 0x0 size 7906M
[   3.002][d][vo/gpu-next/libplacebo]     1: flags 0x1 size 8176M
[   3.002][d][vo/gpu-next/libplacebo] Memory types supported by device:
[   3.002][d][vo/gpu-next/libplacebo]     0: flags 0x1 heap 1
[   3.002][d][vo/gpu-next/libplacebo]     1: flags 0x1 heap 1
[   3.002][d][vo/gpu-next/libplacebo]     2: flags 0x6 heap 0
[   3.002][d][vo/gpu-next/libplacebo]     3: flags 0x7 heap 1
[   3.002][d][vo/gpu-next/libplacebo]     4: flags 0x7 heap 1
[   3.002][d][vo/gpu-next/libplacebo]     5: flags 0xe heap 0
[   3.002][d][vo/gpu-next/libplacebo]     6: flags 0xe heap 0
[   3.002][d][vo/gpu-next/libplacebo]     7: flags 0xc1 heap 1
[   3.002][d][vo/gpu-next/libplacebo]     8: flags 0xc6 heap 0
[   3.002][d][vo/gpu-next/libplacebo]     9: flags 0xc7 heap 1
[   3.002][d][vo/gpu-next/libplacebo]     10: flags 0xce heap 0
[   3.002][d][vo/gpu-next/libplacebo] Memory pool 0:
[   3.002][d][vo/gpu-next/libplacebo]     Compatible types: 0x72c
[   3.002][d][vo/gpu-next/libplacebo]     Optimal flags: 0x1
[   3.002][d][vo/gpu-next/libplacebo]     Slab  0:        1 x 1792K:     0 used     0 res 1792K alloc from heap 1, efficiency 100.00%  [unknown]
[   3.002][d][vo/gpu-next/libplacebo]     Pool summary:     0 used     0 res 1792K alloc, efficiency 100.00%, utilization 0.00%
[   3.002][d][vo/gpu-next/libplacebo] Memory pool 1:
[   3.002][d][vo/gpu-next/libplacebo]     Compatible types: 0xffffffff
[   3.002][d][vo/gpu-next/libplacebo]     Required flags: 0x1
[   3.002][d][vo/gpu-next/libplacebo]     Optimal flags: 0x2
[   3.002][d][vo/gpu-next/libplacebo]     Buffer flags: 0xc3
[   3.002][d][vo/gpu-next/libplacebo]     Slab  0: 3fffffffffffffff x  4224:     0 used     0 res  255K alloc from heap 1, efficiency 100.00%  [../src/gpu/utils.c:1191]
[   3.002][d][vo/gpu-next/libplacebo]     Slab  1: 7fffffff x  8256:     0 used     0 res  249K alloc from heap 1, efficiency 100.00%  [../src/gpu/utils.c:1175]
[   3.002][d][vo/gpu-next/libplacebo]     Pool summary:     0 used     0 res  505K alloc, efficiency 100.00%, utilization 0.00%
[   3.002][d][vo/gpu-next/libplacebo] Memory summary:     0 used     0 res 2297K alloc, efficiency 100.00%, utilization 0.00%, max page:  511M
[   3.002][d][vo/gpu-next/libplacebo] Freeing slab of size 1792K
[   3.006][d][vo/gpu-next/libplacebo] Freeing slab of size  255K
[   3.006][d][vo/gpu-next/libplacebo] Freeing slab of size  249K
[   3.009][v][vo/gpu-next/wayland] Deregistering output Unknown Unknown (HDMI-A-1) (0x38)
[   3.009][v][vo/gpu-next/wayland] Deregistering seat 0x2b
[   3.009][v][clipboard/wayland] Deregistering seat 0x2b
